,Id,Created_at,twitter_handle,Text,URL,Location
0,1595135957446979584,2022-11-22 19:23:43+00:00,sumiyusuke,b'Be there any blood or mucus in your stool? https://t.co/zTysBRXcSZ',http://pbs.twimg.com/ext_tw_video_thumb/1594248775853146112/pu/img/9SXHYi8vPYYcjZTv.jpg,
1,1595135938518474752,2022-11-22 19:23:38+00:00,seemal1234,b'RT @NazimGujj1: This is the family that has received dollars for the blood of poor Pakistanis\n#BajwaLeaks https://t.co/PLq4u8jf3e',http://pbs.twimg.com/media/FiK8ZwcXkAIvmWI.jpg,"Punjab, Pakistan"
2,1595135928003186688,2022-11-22 19:23:36+00:00,maryam112250,b'turn you from my door\xe2\x80\x94I\xe2\x80\x99ll have your heart\xe2\x80\x99s blood!\xe2\x80\x9d      #\xe4\xb8\x96\xe7\x95\x8c\xe6\x9d\xaf\xe7\x9b\xb4\xe6\x92\xad     #\xe4\xb8\x96\xe7\x95\x8c\xe6\x9d\xaf\xe4\xb8\x8b\xe6\xb3\xa8  https://t.co/irLuunTtNJ',http://pbs.twimg.com/ext_tw_video_thumb/1591742826588516352/pu/img/WY2ZtYr1nd0ApUFN.jpg,
3,1595135918440321026,2022-11-22 19:23:33+00:00,AGuramaPhD,b'RT @UPYOURARSENAL04: How can you not start Saliba\n\nDidier Deschamps has blood on his hands https://t.co/MllvNyJWcs',http://pbs.twimg.com/media/FiMM_BmXwA4DH-T.jpg,"Gombe, Nigeria"
4,1595135908097167360,2022-11-22 19:23:31+00:00,laleee_7,b'RT @thesocialne: My favorite genre is Mert Ramazan Demir covered in blood \xf0\x9f\x90\x8d https://t.co/XqyROO6PSa',http://pbs.twimg.com/ext_tw_video_thumb/1594984739059933192/pu/img/prZIHSrLODXh0VjK.jpg,"Me,Myself and I"
5,1595135887251161090,2022-11-22 19:23:26+00:00,moossii68,b'There are red and white corpuscles in blood https://t.co/e7E95o2P8h',http://pbs.twimg.com/ext_tw_video_thumb/1594248775853146112/pu/img/9SXHYi8vPYYcjZTv.jpg,
6,1595135872378490881,2022-11-22 19:23:22+00:00,Kennybacon23,b'RT @hoesluvteetee: @joer__ @BornAKang The one with the blood in it\xe2\x80\x99s eyes definitely did it for me https://t.co/M32jCfnQP7',http://pbs.twimg.com/media/FiJdk0TUAAAm57W.jpg,
7,1595135852455215104,2022-11-22 19:23:18+00:00,linshen49699377,b'RT @papercider: his first kill\n\xe2\x9a\xa0\xef\xb8\x8fTW: blood\n\n#Ikenography https://t.co/UPxzZNMN9a',http://pbs.twimg.com/media/FiKmZWdVsAAsug9.jpg,
8,1595135801464999937,2022-11-22 19:23:05+00:00,Alhassa30215200,b'#\xe5\xbc\x80\xe4\xba\x91\xe4\xbd\x93\xe8\x82\xb2  #\xe4\xb8\x96\xe7\x95\x8c\xe6\x9d\xaf  https://t.co/QufVC7MWPE\nWear mission rule go blood.\n\xf0\x9f\x91\x8c\xf0\x9f\xa4\x90\xf0\x9f\xa4\xa8\xf0\x9f\x98\x8d\xf0\x9f\x98\x86',http://pbs.twimg.com/ext_tw_video_thumb/1594800301982511110/pu/img/Cfnlvncogrf_KZO9.jpg,ÂÆòÊñπÂú∞ÂùÄ‚Üë
9,1595135771614523393,2022-11-22 19:22:58+00:00,Bolanle115,b'RT @rahmie_chelsea: Una go cry \xf0\x9f\x98\xad blood\nBig Sheggz \xf0\x9f\x8e\x89\xf0\x9f\x8e\x89\xf0\x9f\x8e\x89\nSEGUN DANIEL OLUSEMO\nCONGRATULATIONS SHEGGZ\n\n#ChipperXSheggz https://t.co/RdxwhmGTdc',http://pbs.twimg.com/media/FiLpUImWYAMr732.jpg,
10,1595135762399260672,2022-11-22 19:22:56+00:00,shepmalasha,b'RT @Pct1Constable: Saving lives one #donor at a time! @Pct1Constable Blood Drive is in full swing @commitforlife https://t.co/1uA7KZJEpW',http://pbs.twimg.com/ext_tw_video_thumb/1595113197110976514/pu/img/REaj_WstZ1aoG2T_.jpg,"Houston, TX"
11,1595135689984970752,2022-11-22 19:22:39+00:00,7Krisweed,b'RT @biyuuji: it was her blood hammer btw https://t.co/yhBtT0OBAX',http://pbs.twimg.com/media/FiHD2n7XEAY1LRz.jpg,
12,1595135620003008512,2022-11-22 19:22:22+00:00,WilmotMerle,"b'blood, fighting for s4  A0.13  https://t.co/TjN5TaAqfR'",http://pbs.twimg.com/ext_tw_video_thumb/1594979382036422656/pu/img/1iZu5NptnHueRlmq.jpg,
13,1595135618623082497,2022-11-22 19:22:22+00:00,Someguy_Ebon,"b'RT @ViCosplays: My Blood Elf Runeknight Aetherlaria, drawn by @ixqvina &lt;3 https://t.co/XKnlEoRnmb'",http://pbs.twimg.com/media/FiL1KROXkAQReQY.jpg,
14,1595135598708150273,2022-11-22 19:22:17+00:00,melontonin0,b'RT @biyuuji: it was her blood hammer btw https://t.co/yhBtT0OBAX',http://pbs.twimg.com/media/FiHD2n7XEAY1LRz.jpg,any prns ok ic: HNK manga
15,1595135596997267457,2022-11-22 19:22:17+00:00,Glory30548465,b'RT @rahmie_chelsea: Una go cry \xf0\x9f\x98\xad blood\nBig Sheggz \xf0\x9f\x8e\x89\xf0\x9f\x8e\x89\xf0\x9f\x8e\x89\nSEGUN DANIEL OLUSEMO\nCONGRATULATIONS SHEGGZ\n\n#ChipperXSheggz https://t.co/RdxwhmGTdc',http://pbs.twimg.com/media/FiLpUImWYAMr732.jpg,
16,1595135573794394112,2022-11-22 19:22:11+00:00,najjar_touma,b'#\xe4\xb8\x96\xe7\x95\x8c\xe6\x9d\xaf\xe5\xae\x8c\xe7\xbe\x8e\xe4\xbd\x93\xe8\x82\xb2 #\xe6\xac\xa7\xe5\xae\x9d\xe4\xbd\x93\xe8\x82\xb2 #\xe4\xba\x9a\xe5\x8d\x9a\xe4\xbd\x93\xe8\x82\xb2 https://t.co/iRQQXP5RJj\nNext send control develop blood we environmental.\n2022-11-23 03:22:09',http://pbs.twimg.com/media/FiKjNU7VEAE-lcw.jpg,
17,1595135570384023552,2022-11-22 19:22:10+00:00,RKiani666,b'He did not want to see any American blood spilt https://t.co/YIhHM5EUJY',http://pbs.twimg.com/ext_tw_video_thumb/1594248775853146112/pu/img/9SXHYi8vPYYcjZTv.jpg,
18,1595135542823645184,2022-11-22 19:22:04+00:00,NadimAssaf5,b'#\xe5\xbc\x80\xe4\xba\x91\xe4\xbd\x93\xe8\x82\xb2  #\xe4\xb8\x96\xe7\x95\x8c\xe6\x9d\xaf  https://t.co/T7XjV4d4Mn\nBlood teacher what star want view finally.\n\xf0\x9f\x92\x98\xf0\x9f\x91\x8c\xf0\x9f\x98\x84\xf0\x9f\x91\x8b\xf0\x9f\x98\x86',http://pbs.twimg.com/ext_tw_video_thumb/1594800301982511110/pu/img/Cfnlvncogrf_KZO9.jpg,
19,1595135511202791425,2022-11-22 19:21:56+00:00,Lazobyota,b'RT @dweamdoodles: Gabriel #ULTRAKILL is a character that has embedded himself into my brain //cw blood https://t.co/gJMRi08o6F',http://pbs.twimg.com/media/FiB3igyXkAE4ZPF.png,Rending apart and being gay
20,1595135498192056321,2022-11-22 19:21:53+00:00,AmmaMbbolin520,b'RT @Xx17965797N: Immediate changes and improvements in blood due to Grounding or Earthing https://t.co/iESfolUoOA',http://pbs.twimg.com/ext_tw_video_thumb/1594789160816185344/pu/img/oYg6qXE7Cq2wntqr.jpg,"Pennsylvania, USA"
21,1595135475861577729,2022-11-22 19:21:48+00:00,len_perkin,b'blood flowing 6  A0.0ssEB0A1  https://t.co/qbkQ3vDTNB',http://pbs.twimg.com/ext_tw_video_thumb/1594224535683104768/pu/img/FX-3Fq3c23zaN7OE.jpg,
22,1595135462725029889,2022-11-22 19:21:45+00:00,syahtheG,b'RT @hoesluvteetee: @joer__ @BornAKang The one with the blood in it\xe2\x80\x99s eyes definitely did it for me https://t.co/M32jCfnQP7',http://pbs.twimg.com/media/FiJdk0TUAAAm57W.jpg,
23,1595135460917260289,2022-11-22 19:21:44+00:00,avafaraz,"b'ched82, swore that Bertino\xe2\x80\x99s blood should answer. Then he   #\xe4\xb8\x96\xe8\xb6\xb3\xe6\x8e\xa8\xe5\x8d\x95 #\xe4\xb8\x96\xe8\xb6\xb3\xe6\x8e\xa8\xe8\x8d\x90  #\xe4\xb8\x96\xe7\x95\x8c\xe6\x9d\xaf\xe5\x86\xb3\xe8\xb5\x9b  https://t.co/xodCuiExKV'",http://pbs.twimg.com/ext_tw_video_thumb/1591742826588516352/pu/img/WY2ZtYr1nd0ApUFN.jpg,
24,1595135422036049920,2022-11-22 19:21:35+00:00,PwyaArman,"b'\xe2\x80\x9cTo-morrow! Boiling blood of San Gennaro! But I will do it,       #\xe4\xb8\x96\xe7\x95\x8c\xe6\x9d\xaf\xe7\x9b\xb4\xe6\x92\xad     #\xe4\xb8\x96\xe7\x95\x8c\xe6\x9d\xaf\xe4\xb8\x8b\xe6\xb3\xa8  https://t.co/SdWqY0Onuf'",http://pbs.twimg.com/ext_tw_video_thumb/1591742826588516352/pu/img/WY2ZtYr1nd0ApUFN.jpg,
25,1595135389895110656,2022-11-22 19:21:27+00:00,rosebIusher,b'#those people want to deny they have 1940s german blood in them so badly https://t.co/BZjQG57pKa',http://pbs.twimg.com/media/FiMPLo3XwA42eYw.jpg,he / him - mexican
26,1595135386208342016,2022-11-22 19:21:26+00:00,rhadley67,b'RT @RCHS_Stu_Co: Today we hosted the RCHS blood drive! Here are some pictures from the event! https://t.co/JN1XMulp7L',http://pbs.twimg.com/media/FiMHtTIXkAIhRCX.jpg,"Rushville, IN"
27,1595135383997931521,2022-11-22 19:21:26+00:00,TheMissingNsfw,b'RT @skelesass: TW//BLOOD\n\nBleeding heart\n#DevilMayCry #DMC #Sparda #fanart https://t.co/G9ZRbsvVSg',http://pbs.twimg.com/media/FiIjH1zWIAA54nW.jpg,Dante's tiddies 
28,1595135382533947396,2022-11-22 19:21:26+00:00,Dallas06376285,b'RT @Markfry809: Aren\xe2\x80\x99t you glad you won\xe2\x80\x99t see these blood drenched trees at  Christmas ever again? https://t.co/ii7niEFYiX',http://pbs.twimg.com/media/FiHetp9akAAeKA4.jpg,"Lubbock, TX"
29,1595135379149144077,2022-11-22 19:21:25+00:00,JeromeHazlitt,"b'blood, fighting for s1  0.0ZC3  #\xe5\xa4\xa7\xe8\xbf\x9e #\xe8\xb4\xb5\xe9\x98\xb3 #\xe5\x8d\x97\xe5\xae\x81 https://t.co/cIMMqFBP6X'",http://pbs.twimg.com/ext_tw_video_thumb/1594578054663221248/pu/img/qH14GPiejF0_UvMH.jpg,
30,1595135360472088576,2022-11-22 19:21:20+00:00,Earleen71808307,b'#\xe5\xbc\x80\xe4\xba\x91\xe4\xbd\x93\xe8\x82\xb2 #\xe7\x81\xab\xe7\x8b\x90\xe4\xbd\x93\xe8\x82\xb2 #\xe4\xb8\x96\xe7\x95\x8c\xe6\x9d\xaf    https://t.co/fgmm7fGeaC\nWorker tree stock blood image ever star five.',http://pbs.twimg.com/ext_tw_video_thumb/1594618869074653189/pu/img/aBlAQio7KLV0tjhA.jpg,
31,1595135331073896448,2022-11-22 19:21:13+00:00,OpheliaEdni,"b'RT @sklvdsk: Shadow, Blood, Dark Knight https://t.co/xdJRPm8yLG'",http://pbs.twimg.com/media/FiFM3AYUcAAOUnb.jpg,
32,1595135309007593472,2022-11-22 19:21:08+00:00,trollpoe_chad,"b'blood, fighting for s2  A0.14  https://t.co/BHvaMI6DZP'",http://pbs.twimg.com/ext_tw_video_thumb/1594979382036422656/pu/img/1iZu5NptnHueRlmq.jpg,
33,1595135296521183233,2022-11-22 19:21:05+00:00,SelenaBetty7,b'#\xe5\xbc\x80\xe4\xba\x91\xe4\xbd\x93\xe8\x82\xb2  #\xe5\x85\xab\xe6\x88\x92\xe4\xbd\x93\xe8\x82\xb2   #\xe4\xb8\x96\xe7\x95\x8c\xe6\x9d\xaf  https://t.co/5A2PlKl5Zt\nCenter black summer blood produce black out the.\n\xf0\x9f\x92\x8c\xf0\x9f\x91\x8b\xf0\x9f\xa4\x8f\xf0\x9f\x98\x9d\xf0\x9f\xa4\xa8',http://pbs.twimg.com/ext_tw_video_thumb/1594799982946955264/pu/img/nAU1sBuwqmWD7Ttt.jpg,
34,1595135287868653568,2022-11-22 19:21:03+00:00,Blood_Bones_,b'@3RF___ Excuse me? https://t.co/ZJuWpUijrn',http://pbs.twimg.com/tweet_video_thumb/FiMPEdTWYAER88E.jpg,Sixth Circle of Hell
35,1595135275788734464,2022-11-22 19:21:00+00:00,SahiraSays,b'RT @UPYOURARSENAL04: How can you not start Saliba\n\nDidier Deschamps has blood on his hands https://t.co/MllvNyJWcs',http://pbs.twimg.com/media/FiMM_BmXwA4DH-T.jpg,UK
36,1595135269057204224,2022-11-22 19:20:58+00:00,CFunderburg,b'RT @menonfilmpod: Rambo: Last Blood (2019) https://t.co/Ggax9WvShO',http://pbs.twimg.com/media/FiMOjI4UcAEnG5m.jpg,"Queens, NYC."
37,1595135264875499521,2022-11-22 19:20:57+00:00,Olly_Oxen_Free_,"b'RT @sklvdsk: Shadow, Blood, Dark Knight https://t.co/xdJRPm8yLG'",http://pbs.twimg.com/media/FiFM3AYUcAAOUnb.jpg,"West coast, best coast"
38,1595135209246142465,2022-11-22 19:20:44+00:00,KayleeH30752295,b'RT @whinyshirtluke: 5sos was out for blood when they wrote this one https://t.co/6tZVuKd17O',http://pbs.twimg.com/media/FiHy8txWQAAYI5A.jpg,
39,1595135192918032384,2022-11-22 19:20:40+00:00,Haniya_Yousafza,b'@OfficialDGISPR This is the family that has received dollars for the blood of poor Pakistanis\n#BajwaLeaks https://t.co/P1IdVTMGbj',http://pbs.twimg.com/media/FiK8ZwcXkAIvmWI.jpg,ÿßŸæ⁄©€íÿØŸÑ ŸÖ€å⁄∫ ÿ±€Åÿ™€å  ⁄æŸà⁄∫ üòÇ
40,1595135184273575938,2022-11-22 19:20:38+00:00,BarbaraByron11,"b'blood, fighting for s1  0.0ZB6  #\xe5\xa4\xa7\xe8\xbf\x9e #\xe8\xb4\xb5\xe9\x98\xb3 #\xe5\x8d\x97\xe5\xae\x81 https://t.co/Sbw6I5Rvpq'",http://pbs.twimg.com/ext_tw_video_thumb/1594578054663221248/pu/img/qH14GPiejF0_UvMH.jpg,
41,1595135179462303750,2022-11-22 19:20:37+00:00,workAcut,b'RT @Elisprii: 800 Shiba Tokens Stuck at FTX\n\nBlood Boiling https://t.co/HtlvKph7m0',http://pbs.twimg.com/media/FiMLClOWIAIuO4G.jpg,Los Angeles
42,1595135171560607745,2022-11-22 19:20:35+00:00,Dagaustin2000,b'RT @hoesluvteetee: @joer__ @BornAKang The one with the blood in it\xe2\x80\x99s eyes definitely did it for me https://t.co/M32jCfnQP7',http://pbs.twimg.com/media/FiJdk0TUAAAm57W.jpg,"Brooklyn, NY"
43,1595135163075559424,2022-11-22 19:20:33+00:00,km_blood,b'RT @PoemHeaven: some of us will try again next year. https://t.co/XiX5HLtnNF',http://pbs.twimg.com/media/FiLC5GbWYAEY0Iu.jpg,stewpeed & tkks dni
44,1595135144331182080,2022-11-22 19:20:29+00:00,_Wekesa_Joseph_,b'@HonMoses_Kuria Back home people are vouching for your blood mate \xf0\x9f\x9a\xa8\xf0\x9f\x9a\xa8 https://t.co/Rbyu8jxEVe',http://pbs.twimg.com/media/FiMO9YdWAAAbyLC.jpg,Kenya
45,1595135143215235074,2022-11-22 19:20:28+00:00,0451_091,b'The brain needs a continuous supply of blood https://t.co/0kT8coBqq3',http://pbs.twimg.com/ext_tw_video_thumb/1594248775853146112/pu/img/9SXHYi8vPYYcjZTv.jpg,
46,1595135129881825280,2022-11-22 19:20:25+00:00,yousefdanaie,b'The news sent the blood pulsing through his veins https://t.co/iq7Bno5Mif',http://pbs.twimg.com/ext_tw_video_thumb/1594248775853146112/pu/img/9SXHYi8vPYYcjZTv.jpg,Bing√∂l
47,1595135115746693120,2022-11-22 19:20:22+00:00,ava_is_home,b'RT @whinyshirtluke: 5sos was out for blood when they wrote this one https://t.co/6tZVuKd17O',http://pbs.twimg.com/media/FiHy8txWQAAYI5A.jpg,waiting for 1D reunion 
48,1595135114446798848,2022-11-22 19:20:22+00:00,vantos_com,b'RT @UPYOURARSENAL04: How can you not start Saliba\n\nDidier Deschamps has blood on his hands https://t.co/MllvNyJWcs',http://pbs.twimg.com/media/FiMM_BmXwA4DH-T.jpg,"Port Elizabeth, South Africa"
49,1595135111267115008,2022-11-22 19:20:21+00:00,RickPolad,b'BLOOD IS THICKER THAN VODKA - Buy it now! \xe2\x9e\xa1 https://t.co/wyF4tqI58A https://t.co/Wml7ihbmv4 (Recommended by Wisdom Editions)\n(_',http://pbs.twimg.com/media/FhJVJuqXoAEE3QJ.jpg,"Chicago, IL"
50,1595135064052240385,2022-11-22 19:20:10+00:00,colbert_needham,"b'blood, fighting for s1  0.0AZC9  #\xe6\x88\x90\xe9\x83\xbd #\xe5\x90\x88\xe8\x82\xa5 #\xe4\xbd\x9b\xe5\xb1\xb1  https://t.co/zpGc68A1yN'",http://pbs.twimg.com/ext_tw_video_thumb/1594557814583984129/pu/img/4rBEiOUGJCxZVheh.jpg,
51,1595135042224807937,2022-11-22 19:20:04+00:00,Adeleye43267934,b'RT @rahmie_chelsea: Una go cry \xf0\x9f\x98\xad blood\nBig Sheggz \xf0\x9f\x8e\x89\xf0\x9f\x8e\x89\xf0\x9f\x8e\x89\nSEGUN DANIEL OLUSEMO\nCONGRATULATIONS SHEGGZ\n\n#ChipperXSheggz https://t.co/RdxwhmGTdc',http://pbs.twimg.com/media/FiLpUImWYAMr732.jpg,
52,1595135030958821377,2022-11-22 19:20:02+00:00,AlvisBenjamin4,"b'blood, fighting for s2  A0.14  https://t.co/qtyKfuqEpC'",http://pbs.twimg.com/ext_tw_video_thumb/1594979382036422656/pu/img/1iZu5NptnHueRlmq.jpg,
53,1595135007898898432,2022-11-22 19:19:56+00:00,KELIDOSCOPEMIND,b'RT @whinyshirtluke: 5sos was out for blood when they wrote this one https://t.co/6tZVuKd17O',http://pbs.twimg.com/media/FiHy8txWQAAYI5A.jpg,19 in cali
54,1595134992606060544,2022-11-22 19:19:53+00:00,RaleignWarner,"b'blood, fighting for s1  0.0AZC8  #\xe6\x88\x90\xe9\x83\xbd #\xe5\x90\x88\xe8\x82\xa5 #\xe4\xbd\x9b\xe5\xb1\xb1  https://t.co/yofFoqzocJ'",http://pbs.twimg.com/ext_tw_video_thumb/1594557814583984129/pu/img/4rBEiOUGJCxZVheh.jpg,
55,1595134989225840646,2022-11-22 19:19:52+00:00,SakeBombChu,b'RT @skelesass: TW//BLOOD\n\nBleeding heart\n#DevilMayCry #DMC #Sparda #fanart https://t.co/G9ZRbsvVSg',http://pbs.twimg.com/media/FiIjH1zWIAA54nW.jpg,Florida
56,1595134963909001219,2022-11-22 19:19:46+00:00,Blood_Spider,b'RT @zukululuu: YORUICHI WORKOUT! https://t.co/go5fsPBGDn',http://pbs.twimg.com/media/FiI2mN_XoAAeDxJ.jpg,Support Indie creators
57,1595134963330220032,2022-11-22 19:19:46+00:00,RideMyPonygliph,b'Ladies and Gents:\nThe OG Gotei 13\nThe Thousand Year Blood War https://t.co/AA7GT98Uzo\xe2\x80\xa6 https://t.co/IgESWR9o9B',http://pbs.twimg.com/media/FiMOCtWXkAE4XN_.jpg,Yggdrasil
58,1595134948520128513,2022-11-22 19:19:42+00:00,ChiefMalZaaki,b'Contact me now for instant money without human blood.\n+2348169832475 https://t.co/mgXVfPpm86',http://pbs.twimg.com/media/FiMOxKqXwBEotwZ.jpg,Nigeria/Ghana 
59,1595134947735441408,2022-11-22 19:19:42+00:00,FurtiveSplendor,b'RT @capedwraith: Reasons to watch True Blood: https://t.co/Mr4XMevIux',http://pbs.twimg.com/tweet_video_thumb/FiMMN-LVQAA7_ng.jpg,Ch√¢teau de la Madeleine
60,1595134933365686275,2022-11-22 19:19:38+00:00,MurielH81811769,b'blood flowing 3  A0.14  https://t.co/Tx2RmIsCkX',http://pbs.twimg.com/ext_tw_video_thumb/1594979382036422656/pu/img/1iZu5NptnHueRlmq.jpg,
61,1595134914520788993,2022-11-22 19:19:34+00:00,SkadzySoprano,b'RT @UPYOURARSENAL04: How can you not start Saliba\n\nDidier Deschamps has blood on his hands https://t.co/MllvNyJWcs',http://pbs.twimg.com/media/FiMM_BmXwA4DH-T.jpg,Manchester / Midlands
62,1595134909433008129,2022-11-22 19:19:33+00:00,hsinmaze,b'RT @papercider: his first kill\n\xe2\x9a\xa0\xef\xb8\x8fTW: blood\n\n#Ikenography https://t.co/UPxzZNMN9a',http://pbs.twimg.com/media/FiKmZWdVsAAsug9.jpg,
63,1595134853070323712,2022-11-22 19:19:19+00:00,mellow_AD,b'RT @Deceased_Bunny: blood bunny https://t.co/mpg5yhaMvF',http://pbs.twimg.com/media/FiKtpxzakAANxfP.png,"DNI: Minors, Zoos, Proship"
64,1595134833541332992,2022-11-22 19:19:15+00:00,menonfilmpod,b'Rambo: Last Blood (2019) https://t.co/Ggax9WvShO',http://pbs.twimg.com/media/FiMOjI4UcAEnG5m.jpg,Hollywood USA Baby!
65,1595134818731556864,2022-11-22 19:19:11+00:00,danielfrigo67,b'RT @meanwhileinau: NEVER FORGET. Daniel Andrews has blood on his hands #PutLaborLast https://t.co/63drypwIAT',http://pbs.twimg.com/media/FiIyLOAVIAA1wBi.jpg,
66,1595134817162887168,2022-11-22 19:19:11+00:00,IreneRo42972852,b'd that there was a blood li0008   0s0 https://t.co/SsQbPBc4Fh',http://pbs.twimg.com/ext_tw_video_thumb/1595134797201825792/pu/img/FuPjtGk44wSw8b_-.jpg,
67,1595134786162790403,2022-11-22 19:19:03+00:00,sambhav_13,b'RT @Xx17965797N: Immediate changes and improvements in blood due to Grounding or Earthing https://t.co/iESfolUoOA',http://pbs.twimg.com/ext_tw_video_thumb/1594789160816185344/pu/img/oYg6qXE7Cq2wntqr.jpg,
68,1595134783193223169,2022-11-22 19:19:03+00:00,Blood_Spider,b'RT @GarandThumb1: Post Thumb https://t.co/mm0SrloZUd',http://pbs.twimg.com/media/FiLc96EVIAA3_Oo.jpg,Support Indie creators
69,1595134779602894848,2022-11-22 19:19:02+00:00,yeosluver,b'RT @biyuuji: it was her blood hammer btw https://t.co/yhBtT0OBAX',http://pbs.twimg.com/media/FiHD2n7XEAY1LRz.jpg,ÔºàÔºæÔºøÔºæÔºâ‚òÜ
70,1595134773261144066,2022-11-22 19:19:00+00:00,Area_Of_Zero,b'RT @Deceased_Bunny: blood bunny https://t.co/mpg5yhaMvF',http://pbs.twimg.com/media/FiKtpxzakAANxfP.png,Your walls
71,1595134710837317632,2022-11-22 19:18:45+00:00,caprice01043346,b'RT @OphNosilence: #Anonymous...NEW~BLOOD...ideas are BULLETPROOF............Humanity needs YOU.... https://t.co/ZZnpYTFwiV',http://pbs.twimg.com/media/FftN4awWIAMhASU.jpg,"Nordrhein-Westfalen, Deutschla"
72,1595134683700154368,2022-11-22 19:18:39+00:00,FutureHereWeAre,b'RT @meeowzerzz: // tw blood\nblacklight\n[ #Homestuck #home22tuck ] https://t.co/TixOD2qBLI',http://pbs.twimg.com/media/Fhu-gYGUoAEOXxn.jpg,"Funky Town, Radical."
73,1595134675273805824,2022-11-22 19:18:37+00:00,bettayabet,b'RT @Xx17965797N: Immediate changes and improvements in blood due to Grounding or Earthing https://t.co/iESfolUoOA',http://pbs.twimg.com/ext_tw_video_thumb/1594789160816185344/pu/img/oYg6qXE7Cq2wntqr.jpg,
74,1595134673344409600,2022-11-22 19:18:36+00:00,Dorothy89882673,b'blood flowing 2  A0.01apeCB0B  https://t.co/9PmiYId8g4',http://pbs.twimg.com/ext_tw_video_thumb/1594371475963727873/pu/img/e4X4i3VM8BZ-aOGR.jpg,
75,1595134646714449920,2022-11-22 19:18:30+00:00,Rana29021389,"b'Neeland managed to repress a start, but the blood tingled  #\xe5\x8c\x97\xe4\xba\xac #\xe4\xb8\x8a\xe6\xb5\xb7 #\xe5\xb9\xbf\xe5\xb7\x9e #\xe6\xb7\xb1\xe5\x9c\xb3  https://t.co/7wwG53bfrS'",http://pbs.twimg.com/ext_tw_video_thumb/1590476507964547072/pu/img/QFuKrAWT3Ty5n6Xp.jpg,
76,1595134611742392322,2022-11-22 19:18:22+00:00,Nicoll20411696,b'The doctor had a microscopic examination of traces of blood https://t.co/F6d0wt3T60',http://pbs.twimg.com/ext_tw_video_thumb/1594248775853146112/pu/img/9SXHYi8vPYYcjZTv.jpg,
77,1595134600631590912,2022-11-22 19:18:19+00:00,uszumakiii,b'RT @mazzypopstar: Weyes Blood in god\xe2\x80\x99s dms https://t.co/bBvLgsxcAQ',http://pbs.twimg.com/ext_tw_video_thumb/1594837505471549446/pu/img/TWQVUyE61QTgJeGG.jpg,"Florian√≥polis, Brazil"
78,1595134599750856704,2022-11-22 19:18:19+00:00,TheAnimeTor1,b'@Alice_M_Blood I will make sure to follow you right now! https://t.co/snKWTz5NRe',http://pbs.twimg.com/tweet_video_thumb/FiMOdfnXwAcHfDd.jpg,United States
79,1595134591559684096,2022-11-22 19:18:17+00:00,AltavanoShirley,"b'RT @flor_ell879: Blood of Christ, freeing souls from Purgatory, save us! \xf0\x9f\x99\x8f\xe2\x9c\x9d\xef\xb8\x8f\xf0\x9f\x95\xaf\xef\xb8\x8f\xf0\x9f\x95\xaf\xef\xb8\x8f\xf0\x9f\x95\x8a\xef\xb8\x8f\xf0\x9f\x95\x8a\xef\xb8\x8f https://t.co/3xTHFDQhfY'",http://pbs.twimg.com/media/FiLTQTeUoAA2U6U.jpg,
80,1595134573960081413,2022-11-22 19:18:13+00:00,CareyAd39884695,b'#\xe5\xbc\x80\xe4\xba\x91\xe4\xbd\x93\xe8\x82\xb2   #\xe8\xb6\xb3\xe7\x90\x83  #\xe4\xb8\x96\xe7\x95\x8c\xe6\x9d\xaf   https://t.co/Muhe2lAGXV\nCup memory serious blood.\n\xf0\x9f\x98\x85\xf0\x9f\xa4\xa8\xf0\x9f\x98\x84\xf0\x9f\x98\x80\xf0\x9f\x98\x86',http://pbs.twimg.com/ext_tw_video_thumb/1594799982946955264/pu/img/nAU1sBuwqmWD7Ttt.jpg,
81,1595134551227273217,2022-11-22 19:18:07+00:00,danieI_main,b'RT @Sk_Shedrack: Can you take blood Oat with the person you are currently dating ? \xf0\x9f\x91\x81 https://t.co/Jj4RSpGuQg',http://pbs.twimg.com/media/FiL9FPKWQAI_VV4.jpg,Twitter
82,1595134542360489986,2022-11-22 19:18:05+00:00,CAMPFIREFRIEND,b'RT @Misery_Magic: FAKE BODY FAKE BLOOD\n\ndec0mp0sing bod1es of a couple after a murd3r- su1c1de https://t.co/m5ql9x0orF',http://pbs.twimg.com/ext_tw_video_thumb/1594950695584661506/pu/img/ycqzRqv1TJpu56b3.jpg,The Cloudy Town of Hellview
83,1595134521669996544,2022-11-22 19:18:00+00:00,arifop07,b'#\xe5\xbc\x80\xe4\xba\x91\xe4\xbd\x93\xe8\x82\xb2 #\xe7\x81\xab\xe7\x8b\x90\xe4\xbd\x93\xe8\x82\xb2 #\xe4\xb8\x96\xe7\x95\x8c\xe6\x9d\xaf    https://t.co/xC8Y50cOoD\nBlood other natural agree to owner.',http://pbs.twimg.com/ext_tw_video_thumb/1594618869074653189/pu/img/aBlAQio7KLV0tjhA.jpg,
84,1595134492108533761,2022-11-22 19:17:53+00:00,lozplyr89,b'RT @Wario64: MELTY BLOOD: TYPE LUMINA is $32.49 on Steam (Deluxe $45.48) https://t.co/WLFSpHmtjW\n\nDeck verified https://t.co/wqHptuLVHU',http://pbs.twimg.com/media/FiL__-4VsAAElfz.jpg,
85,1595134491785560064,2022-11-22 19:17:53+00:00,Pimu_0504,b'RT @papercider: his first kill\n\xe2\x9a\xa0\xef\xb8\x8fTW: blood\n\n#Ikenography https://t.co/UPxzZNMN9a',http://pbs.twimg.com/media/FiKmZWdVsAAsug9.jpg,Taiwan
86,1595134490644709379,2022-11-22 19:17:53+00:00,eoda_110,b'RT @papercider: his first kill\n\xe2\x9a\xa0\xef\xb8\x8fTW: blood\n\n#Ikenography https://t.co/UPxzZNMN9a',http://pbs.twimg.com/media/FiKmZWdVsAAsug9.jpg,on ma bed
87,1595134488874389504,2022-11-22 19:17:52+00:00,papas2550,b'RT @papercider: his first kill\n\xe2\x9a\xa0\xef\xb8\x8fTW: blood\n\n#Ikenography https://t.co/UPxzZNMN9a',http://pbs.twimg.com/media/FiKmZWdVsAAsug9.jpg,
88,1595134483422117889,2022-11-22 19:17:51+00:00,CrystalToynbee,"b'blood, fighting for s1  0.0A3  #\xe6\x88\x90\xe9\x83\xbd #\xe5\x90\x88\xe8\x82\xa5 #\xe4\xbd\x9b\xe5\xb1\xb1 https://t.co/MnjSoVTAno'",http://pbs.twimg.com/ext_tw_video_thumb/1594979382036422656/pu/img/1iZu5NptnHueRlmq.jpg,
89,1595134471979692032,2022-11-22 19:17:48+00:00,Someguyexisting,b'Hades\nGod of Blood (Platinum)\nEarn all other Trophies #PS4share https://t.co/DDPBmlF4Zb https://t.co/KZbj2ahTYf',http://pbs.twimg.com/media/FiMOWJHUYAYHxke.jpg,"Minneapolis, MN"
90,1595134453164429313,2022-11-22 19:17:44+00:00,JamaicanMaroonX,"b'RT @WSJ_manga: ""BLEACH: Thousand-Year Blood War"" Special Ending for Episode 7.\nhttps://t.co/Uw3w8zpCzg'",http://pbs.twimg.com/amplify_video_thumb/1592930311498649601/img/XVGqj-0SXL6_Cwda.jpg,"New Jersey, USA"
91,1595134444381548544,2022-11-22 19:17:42+00:00,OhRoyalTwo,b'RT @Xx17965797N: Immediate changes and improvements in blood due to Grounding or Earthing https://t.co/iESfolUoOA',http://pbs.twimg.com/ext_tw_video_thumb/1594789160816185344/pu/img/oYg6qXE7Cq2wntqr.jpg,
92,1595134439633596416,2022-11-22 19:17:41+00:00,7onlyPinkKumaku,"b'RT @satow_tewu: tw/blood, a lot of fake blood actually \npainting of a bad ending \n#\xe5\x8e\x9f\xe7\xa5\x9e #\xe3\x82\xbf\xe3\x83\xab\xe7\xa9\xba #\xe9\x8d\xbe\xe7\xa9\xba #Chilther #zhongther https://t.co/innLWbZBTt'",http://pbs.twimg.com/media/Fh6LEmjXgAE_8zz.jpg, ‚ù£Ô∏éOnline Genshin everyDay„ãõ
93,1595134387028656130,2022-11-22 19:17:28+00:00,lauthing_jack,b'You like red or Blood?\n#laughingjack #creepypasta #baloon #clown https://t.co/dCV5lkYt9l',http://pbs.twimg.com/media/FiMOPCtXwA4URf6.jpg,
94,1595134319135113217,2022-11-22 19:17:12+00:00,CareBear_Kara,b'RT @waterfan_69: @niggaolas Adele had fire in her blood with 21 https://t.co/C8ocfQOeDV',http://pbs.twimg.com/media/FiJBclPX0AAUcSQ.jpg,New York City
95,1595134311673782272,2022-11-22 19:17:10+00:00,maloner19y,b'RT @hoesluvteetee: @joer__ @BornAKang The one with the blood in it\xe2\x80\x99s eyes definitely did it for me https://t.co/M32jCfnQP7',http://pbs.twimg.com/media/FiJdk0TUAAAm57W.jpg,
96,1595134303226458113,2022-11-22 19:17:08+00:00,howell_tab,"b'blood, fighting for s1  0.0ZB9  #\xe6\x88\x90\xe9\x83\xbd #\xe5\x90\x88\xe8\x82\xa5 #\xe4\xbd\x9b\xe5\xb1\xb1 https://t.co/HX3cWhgIp8'",http://pbs.twimg.com/ext_tw_video_thumb/1594506914762698754/pu/img/x9b36Y8Zq7ImMO2L.jpg,
97,1595134283773251584,2022-11-22 19:17:04+00:00,dunbar_mignon,b'#\xe5\xbc\x80\xe4\xba\x91\xe4\xbd\x93\xe8\x82\xb2 #\xe4\xb8\x96\xe7\x95\x8c\xe6\x9d\xaf  https://t.co/Ig5KcwwCy1\nSign spend hot chance address off two blood.\n\xf0\x9f\x92\x98\xf0\x9f\x92\xaf\xf0\x9f\x92\x8c\xf0\x9f\x98\x8b\xf0\x9f\x98\x8d',http://pbs.twimg.com/ext_tw_video_thumb/1594799982946955264/pu/img/nAU1sBuwqmWD7Ttt.jpg,"California, USA"
98,1595134274617114627,2022-11-22 19:17:01+00:00,xNickVee,b'RT @Wario64: MELTY BLOOD: TYPE LUMINA is $32.49 on Steam (Deluxe $45.48) https://t.co/WLFSpHmtjW\n\nDeck verified https://t.co/wqHptuLVHU',http://pbs.twimg.com/media/FiL__-4VsAAElfz.jpg,NL
99,1595134272494788608,2022-11-22 19:17:01+00:00,alenamarceauu,b'RT @hoesluvteetee: @joer__ @BornAKang The one with the blood in it\xe2\x80\x99s eyes definitely did it for me https://t.co/M32jCfnQP7',http://pbs.twimg.com/media/FiJdk0TUAAAm57W.jpg,850‚òÄÔ∏è
100,1595134239280082944,2022-11-22 19:16:53+00:00,DinisPeixoto1,b'RT @UPYOURARSENAL04: How can you not start Saliba\n\nDidier Deschamps has blood on his hands https://t.co/MllvNyJWcs',http://pbs.twimg.com/media/FiMM_BmXwA4DH-T.jpg,
101,1595134224159629313,2022-11-22 19:16:49+00:00,AlfredG67252107,"b'blood, fighting for s2  A0.01apeCB0B  https://t.co/QHjCdzKacn'",http://pbs.twimg.com/ext_tw_video_thumb/1594371475963727873/pu/img/e4X4i3VM8BZ-aOGR.jpg,
102,1595134214386909184,2022-11-22 19:16:47+00:00,ArmenMinasian3,b'Blood-Brain Barrier: From Physiology to Disease and Back\n\nhttps://t.co/5JCdPRgsGW. https://t.co/9nHlFC4bFU',http://pbs.twimg.com/media/FiMOHGjXwBo4Ble.jpg,
103,1595134204047921152,2022-11-22 19:16:45+00:00,catushki,"b'RT @tswifterastour: i gave my blood, sweat and tears for this https://t.co/gDFfCOEY0R'",http://pbs.twimg.com/media/FiDkcNjUUAAIzQP.jpg,
104,1595134164927664128,2022-11-22 19:16:35+00:00,Ricoswabbie,b'RT @Markfry809: Aren\xe2\x80\x99t you glad you won\xe2\x80\x99t see these blood drenched trees at  Christmas ever again? https://t.co/ii7niEFYiX',http://pbs.twimg.com/media/FiHetp9akAAeKA4.jpg,"Hayden, ID"
105,1595134134266929152,2022-11-22 19:16:28+00:00,LeifKingsley,"b'blood, fighting for s1  0.0ZC2  #\xe5\xa4\xa7\xe8\xbf\x9e #\xe8\xb4\xb5\xe9\x98\xb3 #\xe5\x8d\x97\xe5\xae\x81 https://t.co/v0dPrsJ3QS'",http://pbs.twimg.com/ext_tw_video_thumb/1594578054663221248/pu/img/qH14GPiejF0_UvMH.jpg,
106,1595134130009690112,2022-11-22 19:16:27+00:00,TommytheLee25,b'RT @longtailsheep: Seeking for Blood~\n#drawMEI #ameliaRT #Artsuki https://t.co/1Vu0YBgDx9',http://pbs.twimg.com/media/FiJFLzXaUAAPjHV.jpg,United States
107,1595134129804234752,2022-11-22 19:16:27+00:00,AdeoluEmperor,b'RT @UPYOURARSENAL04: How can you not start Saliba\n\nDidier Deschamps has blood on his hands https://t.co/MllvNyJWcs',http://pbs.twimg.com/media/FiMM_BmXwA4DH-T.jpg,"Lagos, Nigeria"
108,1595134126516219905,2022-11-22 19:16:26+00:00,NevadeanPride_X,b'RT @horrifichymns: // blood \n\nTrying to get used to procreate #FNAF #fnaffanart #fivenightsatfreddys https://t.co/he929mLW8z',http://pbs.twimg.com/media/FiLnVvvaMAAgmG_.jpg,Commissions closed for now
109,1595134120564342809,2022-11-22 19:16:25+00:00,ComicBook,b'#Bleach gives us a look into how the Soul Society was forged and it was quite bloody:\n\nhttps://t.co/q5LHwPicZR https://t.co/nwiTUQ4RJL',http://pbs.twimg.com/media/FiMOBvPXwAA6IHs.jpg,
110,1595134089551810560,2022-11-22 19:16:17+00:00,Latum_PT,b'RT @papercider: his first kill\n\xe2\x9a\xa0\xef\xb8\x8fTW: blood\n\n#Ikenography https://t.co/UPxzZNMN9a',http://pbs.twimg.com/media/FiKmZWdVsAAsug9.jpg,Thailand
111,1595134088775495680,2022-11-22 19:16:17+00:00,comicbookanime,b'#Bleach gives us a look into how the Soul Society was forged and it was quite bloody:\n\nhttps://t.co/lvIUm8YB1H https://t.co/BsRIXO9gPX',http://pbs.twimg.com/media/FiMN_OnXEAEngn7.jpg,The Hidden Leaf Village
112,1595134062452420608,2022-11-22 19:16:11+00:00,C_S_Skeptic,"b'@squawksquare And now, the blood letting can begin. https://t.co/i66yEO84vl'",http://pbs.twimg.com/media/FiMN7ImaAAAGbug.png,
113,1595134052545462273,2022-11-22 19:16:08+00:00,Anikesh28456762,"b'I am not going to see the blood of Indian, Bangladeshi and Pakistani. \n#BoycottQatar2022 \n#FIFAWorldCup https://t.co/YBwTAjfIEs'",http://pbs.twimg.com/media/FiMN9dRaEAAUlRI.jpg,
114,1595134052432240640,2022-11-22 19:16:08+00:00,JoshMonday12,b'RT @UPYOURARSENAL04: How can you not start Saliba\n\nDidier Deschamps has blood on his hands https://t.co/MllvNyJWcs',http://pbs.twimg.com/media/FiMM_BmXwA4DH-T.jpg,
115,1595134048229560320,2022-11-22 19:16:07+00:00,Ramchandrakris1,"b'The main trunk of the systemic arteries, carrying blood from the left side of the heart to the arteries of all limbs https://t.co/7kLDSAHP2Z'",http://pbs.twimg.com/ext_tw_video_thumb/1594248775853146112/pu/img/9SXHYi8vPYYcjZTv.jpg,
116,1595134043003445248,2022-11-22 19:16:06+00:00,Beautyfied1,b'RT @ohxmaa_: Beauty  Tukura this????? \n\nBlood Of Jesus!!  \n\n#BeautyTukura https://t.co/fNwKKEnyQS',http://pbs.twimg.com/media/FiL2717XkAE1QWw.jpg,
117,1595134031834017793,2022-11-22 19:16:04+00:00,jo_el52,b'RT @UPYOURARSENAL04: How can you not start Saliba\n\nDidier Deschamps has blood on his hands https://t.co/MllvNyJWcs',http://pbs.twimg.com/media/FiMM_BmXwA4DH-T.jpg,"Accra, Ghana"
118,1595134010371739648,2022-11-22 19:15:58+00:00,alatus_ara,b'RT @biyuuji: it was her blood hammer btw https://t.co/yhBtT0OBAX',http://pbs.twimg.com/media/FiHD2n7XEAY1LRz.jpg,
119,1595133980814508032,2022-11-22 19:15:51+00:00,CherylMackinto4,"b'blood, fighting for s1  0.0AZC7  #\xe6\x88\x90\xe9\x83\xbd #\xe5\x90\x88\xe8\x82\xa5 #\xe4\xbd\x9b\xe5\xb1\xb1  https://t.co/Tr7bIh0tV6'",http://pbs.twimg.com/ext_tw_video_thumb/1594557814583984129/pu/img/4rBEiOUGJCxZVheh.jpg,
120,1595133965652066304,2022-11-22 19:15:48+00:00,murderh1ll,b'RT @UPYOURARSENAL04: How can you not start Saliba\n\nDidier Deschamps has blood on his hands https://t.co/MllvNyJWcs',http://pbs.twimg.com/media/FiMM_BmXwA4DH-T.jpg,SAN ANDREAS
121,1595133948417523713,2022-11-22 19:15:44+00:00,staroftherogue,b'RT @Wario64: MELTY BLOOD: TYPE LUMINA is $32.49 on Steam (Deluxe $45.48) https://t.co/WLFSpHmtjW\n\nDeck verified https://t.co/wqHptuLVHU',http://pbs.twimg.com/media/FiL__-4VsAAElfz.jpg,
122,1595133933007802368,2022-11-22 19:15:40+00:00,stariray1949,"b'RT @KDKNS_Cebu: Donate blood, save lives. #2Good2Help https://t.co/ELUNoEOJKS'",http://pbs.twimg.com/media/FiKuERuVEAAhWh_.jpg,"Hayward, CA"
123,1595133931372048384,2022-11-22 19:15:40+00:00,adair_ramsden,b'blood flowing 7  A0.01apeCB0B  https://t.co/GliSgMyHH5',http://pbs.twimg.com/ext_tw_video_thumb/1594371475963727873/pu/img/e4X4i3VM8BZ-aOGR.jpg,
124,1595133920047398912,2022-11-22 19:15:37+00:00,MeeNoruu,"b'and the drop of Irish blood in him lively as champagne11,   #\xe4\xb8\x96\xe7\x95\x8c\xe6\x9d\xaf\xe8\xb5\x9b\xe7\xa8\x8b #\xe4\xb8\x96\xe7\x95\x8c\xe6\x9d\xaf\xe7\x9b\xb4\xe6\x92\xad #\xe4\xb8\x96\xe7\x95\x8c\xe6\x9d\xaf\xe8\xb5\x94\xe7\x8e\x87  #\xe4\xb8\x96\xe7\x95\x8c\xe6\x9d\xaf\xe4\xb8\x8b\xe6\xb3\xa8 https://t.co/P31vNoe9Tn'",http://pbs.twimg.com/ext_tw_video_thumb/1591742826588516352/pu/img/WY2ZtYr1nd0ApUFN.jpg,
125,1595133918596182016,2022-11-22 19:15:37+00:00,Zebstrika4,b'RT @Wario64: MELTY BLOOD: TYPE LUMINA is $32.49 on Steam (Deluxe $45.48) https://t.co/WLFSpHmtjW\n\nDeck verified https://t.co/wqHptuLVHU',http://pbs.twimg.com/media/FiL__-4VsAAElfz.jpg,
126,1595133888686608384,2022-11-22 19:15:29+00:00,ahmadasghari5,"b',a blood clot https://t.co/DIMQeLqdUE'",http://pbs.twimg.com/ext_tw_video_thumb/1594248775853146112/pu/img/9SXHYi8vPYYcjZTv.jpg,
127,1595133867777982465,2022-11-22 19:15:24+00:00,PollyWaters18,"b'blood, fighting for s1  0.0E7  #\xe5\xa4\xa7\xe8\xbf\x9e #\xe8\xb4\xb5\xe9\x98\xb3 #\xe5\x8d\x97\xe5\xae\x81 https://t.co/qw2JAwjrrC'",http://pbs.twimg.com/ext_tw_video_thumb/1594678916454973440/pu/img/jXu-hAsLsNwfLRjY.jpg,
128,1595133814899998720,2022-11-22 19:15:12+00:00,UlimateShadow,b'RT @SonicHeroXD: New blood https://t.co/ErZobWfFXw',http://pbs.twimg.com/media/FiMLuQdXwAgqmfM.jpg,
129,1595133800585236480,2022-11-22 19:15:08+00:00,LetsTokuBoutIt,b'RT @hoesluvteetee: @joer__ @BornAKang The one with the blood in it\xe2\x80\x99s eyes definitely did it for me https://t.co/M32jCfnQP7',http://pbs.twimg.com/media/FiJdk0TUAAAm57W.jpg,
130,1595133783325675521,2022-11-22 19:15:04+00:00,BrookEffie,b'blood flowing 5  A0.09  https://t.co/T0v5Jn0hyY',http://pbs.twimg.com/ext_tw_video_thumb/1594947178610335744/pu/img/zt0sQH_qVC1UXxws.jpg,
131,1595133781287268352,2022-11-22 19:15:04+00:00,BrianMo55877537,b'RT @Xx17965797N: Immediate changes and improvements in blood due to Grounding or Earthing https://t.co/iESfolUoOA',http://pbs.twimg.com/ext_tw_video_thumb/1594789160816185344/pu/img/oYg6qXE7Cq2wntqr.jpg,"North Carolina, USA"
132,1595133773422944257,2022-11-22 19:15:02+00:00,KellyHarte10,b'#\xe5\xbc\x80\xe4\xba\x91\xe4\xbd\x93\xe8\x82\xb2  #\xe5\x85\xab\xe6\x88\x92\xe4\xbd\x93\xe8\x82\xb2   #\xe4\xb8\x96\xe7\x95\x8c\xe6\x9d\xaf  https://t.co/XYGkM5U59m\nMind professor family blood manager join.\n\xf0\x9f\x92\x98\xf0\x9f\x91\x8c\xf0\x9f\xa5\xb0\xf0\x9f\x98\x9d\xf0\x9f\x98\x8b',http://pbs.twimg.com/ext_tw_video_thumb/1594799982946955264/pu/img/nAU1sBuwqmWD7Ttt.jpg,
133,1595133753156079616,2022-11-22 19:14:57+00:00,tervoooo,b'RT @Elisprii: 800 Shiba Tokens Stuck at FTX\n\nBlood Boiling https://t.co/HtlvKph7m0',http://pbs.twimg.com/media/FiMLClOWIAIuO4G.jpg,
134,1595133740501860352,2022-11-22 19:14:54+00:00,vigilantelou,b'RT @whinyshirtluke: 5sos was out for blood when they wrote this one https://t.co/6tZVuKd17O',http://pbs.twimg.com/media/FiHy8txWQAAYI5A.jpg,"some guy said my aura‚Äôs moonstone 
       just cause he was high 
                                                       4teen !¬° any prns"
135,1595133736773128192,2022-11-22 19:14:53+00:00,mo933933,"b'ched82, swore that Bertino\xe2\x80\x99s blood should answer. Then he   #\xe4\xb8\x96\xe8\xb6\xb3\xe6\x8e\xa8\xe5\x8d\x95 #\xe4\xb8\x96\xe8\xb6\xb3\xe6\x8e\xa8\xe8\x8d\x90  #\xe4\xb8\x96\xe7\x95\x8c\xe6\x9d\xaf\xe5\x86\xb3\xe8\xb5\x9b  https://t.co/qki9aUAQuQ'",http://pbs.twimg.com/ext_tw_video_thumb/1591742826588516352/pu/img/WY2ZtYr1nd0ApUFN.jpg,
136,1595133728959102977,2022-11-22 19:14:51+00:00,keithtate6003,b'RT @horrifichymns: // blood \n\nTrying to get used to procreate #FNAF #fnaffanart #fivenightsatfreddys https://t.co/he929mLW8z',http://pbs.twimg.com/media/FiLnVvvaMAAgmG_.jpg,Inside your walls.
137,1595133683413168128,2022-11-22 19:14:40+00:00,Cynthia66435763,"b'blood, fighting for s1  0.0ZA8  #\xe5\xa4\xa7\xe8\xbf\x9e #\xe8\xb4\xb5\xe9\x98\xb3 #\xe5\x8d\x97\xe5\xae\x81 https://t.co/Txsz6VCcOd'",http://pbs.twimg.com/ext_tw_video_thumb/1594678916454973440/pu/img/jXu-hAsLsNwfLRjY.jpg,
138,1595133662609412096,2022-11-22 19:14:35+00:00,Kevinco36273615,b'RT @Xx17965797N: Immediate changes and improvements in blood due to Grounding or Earthing https://t.co/iESfolUoOA',http://pbs.twimg.com/ext_tw_video_thumb/1594789160816185344/pu/img/oYg6qXE7Cq2wntqr.jpg,
139,1595133661464391680,2022-11-22 19:14:35+00:00,0xPunkHunter,b'RT @Elisprii: 800 Shiba Tokens Stuck at FTX\n\nBlood Boiling https://t.co/HtlvKph7m0',http://pbs.twimg.com/media/FiMLClOWIAIuO4G.jpg,Meta
140,1595133655139364864,2022-11-22 19:14:34+00:00,Cryijpg,b'RT @skelesass: TW//BLOOD\n\nBleeding heart\n#DevilMayCry #DMC #Sparda #fanart https://t.co/G9ZRbsvVSg',http://pbs.twimg.com/media/FiIjH1zWIAA54nW.jpg,
141,1595133628669124608,2022-11-22 19:14:27+00:00,CartoonGal1,b'Disney TVA + Blood \n#gargoyles #TheOwlHouse #TOH #amphibia #GravityFalls https://t.co/9uh60NQkeX',http://pbs.twimg.com/media/FiMNkgLXwAQd_6I.jpg,
142,1595133613552545792,2022-11-22 19:14:24+00:00,erneste24,b'RT @UPYOURARSENAL04: How can you not start Saliba\n\nDidier Deschamps has blood on his hands https://t.co/MllvNyJWcs',http://pbs.twimg.com/media/FiMM_BmXwA4DH-T.jpg,
143,1595133586348605441,2022-11-22 19:14:17+00:00,RlNALUV,b'RT @sapphicslike: jenna ortega covered in blood https://t.co/AD8tBpf7GY',http://pbs.twimg.com/media/FhT3tOlXgAEMpvz.jpg,"she/her, 21"
144,1595133573199458305,2022-11-22 19:14:14+00:00,Heide91714966,b's bad blood had got about the School #\xe6\x9d\xad\xe5\xb7\x9e #\xe5\x8c\x97\xe4\xba\xac #\xe4\xb8\x8a\xe6\xb5\xb7 #\xe6\xb7\xb1\xe5\x9c\xb3 #\xe5\xb9\xbf\xe5\xb7\x9e lCt https://t.co/daxF3rJUOi',http://pbs.twimg.com/ext_tw_video_thumb/1584577458199674882/pu/img/mqP0OGgwCGuGWe9h.jpg,
145,1595133564877578241,2022-11-22 19:14:12+00:00,ronniecash33,b'RT @UPYOURARSENAL04: How can you not start Saliba\n\nDidier Deschamps has blood on his hands https://t.co/MllvNyJWcs',http://pbs.twimg.com/media/FiMM_BmXwA4DH-T.jpg,"Toronto, kampala"
146,1595133562134487040,2022-11-22 19:14:12+00:00,ValentineShell5,"b'blood, fighting for s10  A0.01apeCB0B  https://t.co/iJFC7Xs4XJ'",http://pbs.twimg.com/ext_tw_video_thumb/1594371475963727873/pu/img/e4X4i3VM8BZ-aOGR.jpg,
147,1595133523660525569,2022-11-22 19:14:02+00:00,NoheliArias,b'RT @whinyshirtluke: 5sos was out for blood when they wrote this one https://t.co/6tZVuKd17O',http://pbs.twimg.com/media/FiHy8txWQAAYI5A.jpg,üë©‚Äç‚ù§Ô∏è‚Äçüíã‚Äçüë© she/her
148,1595133518677684224,2022-11-22 19:14:01+00:00,cream_cereal,b'RT @horrifichymns: // blood \n\nTrying to get used to procreate #FNAF #fnaffanart #fivenightsatfreddys https://t.co/he929mLW8z',http://pbs.twimg.com/media/FiLnVvvaMAAgmG_.jpg,she/her
149,1595133515494232064,2022-11-22 19:14:00+00:00,RurouniLoneWolf,b'RT @Wario64: MELTY BLOOD: TYPE LUMINA is $32.49 on Steam (Deluxe $45.48) https://t.co/WLFSpHmtjW\n\nDeck verified https://t.co/wqHptuLVHU',http://pbs.twimg.com/media/FiL__-4VsAAElfz.jpg,Montreal
150,1595133508552249344,2022-11-22 19:13:59+00:00,afraidofdrownin,b'\xf0\x9f\xa9\xb8\xe3\x80\x81my young boy up next\xe3\x80\x82 afraidofdrowning beatin down the block rainin blood from your necks \xf0\x9f\xa9\xb8\xf0\x9f\xa9\xb8\xf0\x9f\xa9\xb8 https://t.co/gRN7UyAndM',http://pbs.twimg.com/media/FiMNeGIXwBQlWgh.jpg,
151,1595133505838600192,2022-11-22 19:13:58+00:00,Ghouse0072,b'e came over him the terrible throbbing  of blood and the fire of b  #\xe5\x8c\x97\xe4\xba\xac #\xe4\xb8\x8a\xe6\xb5\xb7 #\xe5\xb9\xbf\xe5\xb7\x9e #\xe6\xb7\xb1\xe5\x9c\xb3  https://t.co/Fvg7aByYXl',http://pbs.twimg.com/ext_tw_video_thumb/1590476507964547072/pu/img/QFuKrAWT3Ty5n6Xp.jpg,
152,1595133491397931009,2022-11-22 19:13:55+00:00,thehind05730484,b'The quickest goal of this worldcup has been scored\nAustralia draws the first blood\n#FIFAWorldCup\n#australiavsfrance https://t.co/BDuk2l7Jlu',http://pbs.twimg.com/media/FiMNdLFaEAEaEQU.jpg,
153,1595133490613612544,2022-11-22 19:13:54+00:00,RRamsawack,"b'The way my blood boiling rn, wtf https://t.co/lzFRxkjgjY'",http://pbs.twimg.com/tweet_video_thumb/FiMNc5SXwAQImtb.jpg,
154,1595133483034329089,2022-11-22 19:13:53+00:00,nale_tumi,b'RT @ohxmaa_: Beauty  Tukura this????? \n\nBlood Of Jesus!!  \n\n#BeautyTukura https://t.co/fNwKKEnyQS',http://pbs.twimg.com/media/FiL2717XkAE1QWw.jpg,
155,1595133471944740865,2022-11-22 19:13:50+00:00,sjlhka,b'RT @biyuuji: it was her blood hammer btw https://t.co/yhBtT0OBAX',http://pbs.twimg.com/media/FiHD2n7XEAY1LRz.jpg,he
156,1595133465791705092,2022-11-22 19:13:49+00:00,winniemwanyumba,b'RT @ohxmaa_: Beauty  Tukura this????? \n\nBlood Of Jesus!!  \n\n#BeautyTukura https://t.co/fNwKKEnyQS',http://pbs.twimg.com/media/FiL2717XkAE1QWw.jpg,"Ngong, Kenya"
157,1595133463174483968,2022-11-22 19:13:48+00:00,cunt2dmax,b'RT @biyuuji: it was her blood hammer btw https://t.co/yhBtT0OBAX',http://pbs.twimg.com/media/FiHD2n7XEAY1LRz.jpg,she/her
158,1595133454282203147,2022-11-22 19:13:46+00:00,FutureHereWeAre,b'RT @davestridermom: \xe2\x82\xa9#&amp;@*#&amp;@\xe2\x82\xa9 OF BLOOD\n#Homestuck #chainsawman https://t.co/23oO1Em8DV',http://pbs.twimg.com/media/FiAbokpaAAAL45M.jpg,"Funky Town, Radical."
159,1595133395230928896,2022-11-22 19:13:32+00:00,7oncharii,b'RT @UPYOURARSENAL04: How can you not start Saliba\n\nDidier Deschamps has blood on his hands https://t.co/MllvNyJWcs',http://pbs.twimg.com/media/FiMM_BmXwA4DH-T.jpg,
160,1595133359793278977,2022-11-22 19:13:23+00:00,all_rounder_27,b'#\xe4\xb8\x96\xe7\x95\x8c\xe6\x9d\xaf #\xe7\x9a\x87\xe5\x86\xa0\xe4\xbd\x93\xe8\x82\xb2 #\xe9\x85\xb7\xe6\xb8\xb8\xe4\xbd\x93\xe8\x82\xb2 #\xe4\xb9\x9d\xe5\xb7\x9e\xe4\xbd\x93\xe8\x82\xb2  https://t.co/qPFUs150jh\nAccept decide throw day blood.\n2022-11-23 03:13:21',http://pbs.twimg.com/media/FiKjNU7VEAE-lcw.jpg,
161,1595133358123515904,2022-11-22 19:13:23+00:00,WilliamMackay4,b'#hashtag2 Smart Watch Blood Pressure https://t.co/msXSEqEj4f https://t.co/UGwxcDwNpq',http://pbs.twimg.com/media/FiMNVe1UoAEPyy2.jpg,
162,1595133350486110210,2022-11-22 19:13:21+00:00,iamshaarifkhan,b'RT @NazimGujj1: This is the family that has received dollars for the blood of poor Pakistanis\n#BajwaLeaks https://t.co/PLq4u8jf3e',http://pbs.twimg.com/media/FiK8ZwcXkAIvmWI.jpg,"Greater Noida, India"
163,1595133328314671104,2022-11-22 19:13:16+00:00,itsfynegal,b'RT @rahmie_chelsea: Una go cry \xf0\x9f\x98\xad blood\nBig Sheggz \xf0\x9f\x8e\x89\xf0\x9f\x8e\x89\xf0\x9f\x8e\x89\nSEGUN DANIEL OLUSEMO\nCONGRATULATIONS SHEGGZ\n\n#ChipperXSheggz https://t.co/RdxwhmGTdc',http://pbs.twimg.com/media/FiLpUImWYAMr732.jpg,Eko.   Ile
164,1595133288422993921,2022-11-22 19:13:06+00:00,SNdjongolo,b'RT @UPYOURARSENAL04: How can you not start Saliba\n\nDidier Deschamps has blood on his hands https://t.co/MllvNyJWcs',http://pbs.twimg.com/media/FiMM_BmXwA4DH-T.jpg,üá≥üá¶ Helao Nafidi|Khomasdal 
165,1595133264217243648,2022-11-22 19:13:00+00:00,melomelojimano,b'@technorodrigo @musabutprivate I like Bad Blood https://t.co/XOGMy1D5ih',http://pbs.twimg.com/media/FiMNP5XUYAEnJHr.png,
166,1595133249386209280,2022-11-22 19:12:57+00:00,SpiidiOnNoita,b'RT @Wario64: MELTY BLOOD: TYPE LUMINA is $32.49 on Steam (Deluxe $45.48) https://t.co/WLFSpHmtjW\n\nDeck verified https://t.co/wqHptuLVHU',http://pbs.twimg.com/media/FiL__-4VsAAElfz.jpg, Finland
167,1595133230583230464,2022-11-22 19:12:52+00:00,blackedissweet,b'turn you from my door\xe2\x80\x94I\xe2\x80\x99ll have your heart\xe2\x80\x99s blood!\xe2\x80\x9d      #\xe4\xb8\x96\xe7\x95\x8c\xe6\x9d\xaf\xe7\x9b\xb4\xe6\x92\xad     #\xe4\xb8\x96\xe7\x95\x8c\xe6\x9d\xaf\xe4\xb8\x8b\xe6\xb3\xa8  https://t.co/howtFF2qrK',http://pbs.twimg.com/ext_tw_video_thumb/1591742826588516352/pu/img/WY2ZtYr1nd0ApUFN.jpg,
168,1595133186920828929,2022-11-22 19:12:42+00:00,reynaldofont,"b""RT @animetv_jp: Ichigo. That's the tweet.\n\n\xe2\x80\x94 Watch BLEACH: Thousand-Year Blood War on Hulu! https://t.co/KzBDPoTyEs""",http://pbs.twimg.com/media/FiHVD66WIAQxgFa.jpg,United States
169,1595133179006177280,2022-11-22 19:12:40+00:00,blitzsprite,b'RT @Wario64: MELTY BLOOD: TYPE LUMINA is $32.49 on Steam (Deluxe $45.48) https://t.co/WLFSpHmtjW\n\nDeck verified https://t.co/wqHptuLVHU',http://pbs.twimg.com/media/FiL__-4VsAAElfz.jpg,"Chicago, IL"
170,1595133166410682369,2022-11-22 19:12:37+00:00,MaxwellTom18,"b'blood, fighting for s1  0.0ZD2  #\xe5\xa4\xa7\xe8\xbf\x9e #\xe8\xb4\xb5\xe9\x98\xb3 #\xe5\x8d\x97\xe5\xae\x81 https://t.co/fMhjokji2Y'",http://pbs.twimg.com/ext_tw_video_thumb/1594578054663221248/pu/img/qH14GPiejF0_UvMH.jpg,
171,1595133153643225088,2022-11-22 19:12:34+00:00,Aadamxy,b'RT @UPYOURARSENAL04: How can you not start Saliba\n\nDidier Deschamps has blood on his hands https://t.co/MllvNyJWcs',http://pbs.twimg.com/media/FiMM_BmXwA4DH-T.jpg,Dream world
172,1595133140758331393,2022-11-22 19:12:31+00:00,Elisprii,b'800 Shiba Tokens Stuck at FTX\n\nBlood Boiling https://t.co/HtlvKph7m0',http://pbs.twimg.com/media/FiMLClOWIAIuO4G.jpg,
173,1595133137407086592,2022-11-22 19:12:30+00:00,UPYOURARSENAL02,b'RT @UPYOURARSENAL04: How can you not start Saliba\n\nDidier Deschamps has blood on his hands https://t.co/MllvNyJWcs',http://pbs.twimg.com/media/FiMM_BmXwA4DH-T.jpg,"London, England"
174,1595133136689827840,2022-11-22 19:12:30+00:00,GenCrooked,b'RT @NazimGujj1: This is the family that has received dollars for the blood of poor Pakistanis\n#BajwaLeaks https://t.co/PLq4u8jf3e',http://pbs.twimg.com/media/FiK8ZwcXkAIvmWI.jpg,
175,1595133108713533440,2022-11-22 19:12:23+00:00,JaIjayyo,"b'RT @sklvdsk: Shadow, Blood, Dark Knight https://t.co/xdJRPm8yLG'",http://pbs.twimg.com/media/FiFM3AYUcAAOUnb.jpg,
176,1595133086068396033,2022-11-22 19:12:18+00:00,ArsenalArse1,b'RT @UPYOURARSENAL04: How can you not start Saliba\n\nDidier Deschamps has blood on his hands https://t.co/MllvNyJWcs',http://pbs.twimg.com/media/FiMM_BmXwA4DH-T.jpg,
177,1595133054976430080,2022-11-22 19:12:11+00:00,Saran06264510,b'#\xe5\xbc\x80\xe4\xba\x91\xe4\xbd\x93\xe8\x82\xb2 #\xe7\x81\xab\xe7\x8b\x90\xe4\xbd\x93\xe8\x82\xb2 #\xe4\xb8\x96\xe7\x95\x8c\xe6\x9d\xaf    https://t.co/Df4mLBCofA\nDecide old sign blood.',http://pbs.twimg.com/ext_tw_video_thumb/1594618869074653189/pu/img/aBlAQio7KLV0tjhA.jpg,
178,1595133051293511680,2022-11-22 19:12:10+00:00,SamSossa1,b'RT @UPYOURARSENAL04: How can you not start Saliba\n\nDidier Deschamps has blood on his hands https://t.co/MllvNyJWcs',http://pbs.twimg.com/media/FiMM_BmXwA4DH-T.jpg,London
179,1595133043575963648,2022-11-22 19:12:08+00:00,ParodyArsenal,b'RT @UPYOURARSENAL04: How can you not start Saliba\n\nDidier Deschamps has blood on his hands https://t.co/MllvNyJWcs',http://pbs.twimg.com/media/FiMM_BmXwA4DH-T.jpg,
180,1595133041567215616,2022-11-22 19:12:07+00:00,missedith01,b'RT @LudicrousMonica: Jonas Armstrong is playing Saul Morris in Strike: Troubled Blood #cormoranstrike #troubledblood https://t.co/MvWi4zaA5S',http://pbs.twimg.com/media/FiMC9DCXkAwdPOH.jpg,United Kingdom
181,1595133040057266177,2022-11-22 19:12:07+00:00,quyabya,"b""RT @animetv_jp: Ichigo. That's the tweet.\n\n\xe2\x80\x94 Watch BLEACH: Thousand-Year Blood War on Hulu! https://t.co/KzBDPoTyEs""",http://pbs.twimg.com/media/FiHVD66WIAQxgFa.jpg,
182,1595133037670694912,2022-11-22 19:12:06+00:00,Iam_rezzi,b'RT @UPYOURARSENAL04: How can you not start Saliba\n\nDidier Deschamps has blood on his hands https://t.co/MllvNyJWcs',http://pbs.twimg.com/media/FiMM_BmXwA4DH-T.jpg,Lagos
183,1595133024903237632,2022-11-22 19:12:03+00:00,Entar0_Adun,b'RT @Wario64: MELTY BLOOD: TYPE LUMINA is $32.49 on Steam (Deluxe $45.48) https://t.co/WLFSpHmtjW\n\nDeck verified https://t.co/wqHptuLVHU',http://pbs.twimg.com/media/FiL__-4VsAAElfz.jpg,
184,1595133019769098241,2022-11-22 19:12:02+00:00,dehrasylum,"b""RT @volinfer: Halloween '21 stuff \xf0\x9f\xab\x92\xf0\x9f\x94\xaa\n\n#DigitalArtist #Procreate #characterdesign #blood https://t.co/ETbJjXfNQX""",http://pbs.twimg.com/media/FiMAxkiXkBswIFW.jpg,Coldharbour
185,1595133002060746753,2022-11-22 19:11:58+00:00,missedith01,b'RT @LudicrousMonica: Sutara Gayle is playing Kim Sullivan in Strike: Troubled Blood #cormoranstrike #troubledblood https://t.co/21o9PmTEKg',http://pbs.twimg.com/media/FiMD8uIXkAkhjiv.jpg,United Kingdom
186,1595132994259685376,2022-11-22 19:11:56+00:00,UPYOURARSENAL04,b'RT @UPYOURARSENAL04: How can you not start Saliba\n\nDidier Deschamps has blood on his hands https://t.co/MllvNyJWcs',http://pbs.twimg.com/media/FiMM_BmXwA4DH-T.jpg,"London, England"
187,1595132992711630849,2022-11-22 19:11:56+00:00,Mushyru,b'RT @V4N4s: blood moon \xf0\x9f\x8c\x99\xf0\x9f\xa5\x80 https://t.co/h7L1u7RQXA',http://pbs.twimg.com/media/FiLkjdWXkAEBh3Y.jpg,üå∑
188,1595132972084051969,2022-11-22 19:11:51+00:00,UPYOURARSENAL04,b'How can you not start Saliba\n\nDidier Deschamps has blood on his hands https://t.co/MllvNyJWcs',http://pbs.twimg.com/media/FiMM_BmXwA4DH-T.jpg,"London, England"
189,1595132960780746754,2022-11-22 19:11:48+00:00,SherazAhmad04,b'RT @NazimGujj1: This is the family that has received dollars for the blood of poor Pakistanis\n#BajwaLeaks https://t.co/PLq4u8jf3e',http://pbs.twimg.com/media/FiK8ZwcXkAIvmWI.jpg,"Muscat, Oman"
190,1595132953918550016,2022-11-22 19:11:47+00:00,karappo_sakana,b'RT @longtailsheep: Seeking for Blood~\n#drawMEI #ameliaRT #Artsuki https://t.co/1Vu0YBgDx9',http://pbs.twimg.com/media/FiJFLzXaUAAPjHV.jpg,
191,1595132952219774976,2022-11-22 19:11:46+00:00,Owl_Culture,"b'RT @Albums2Hear: #albumsyoumusthear Weyes Blood - And In The Darkness, Hearts Aglow - 2022 https://t.co/p7MevJIVe7'",http://pbs.twimg.com/media/FiL7WIIXEAEBIsF.jpg,
192,1595132951226093570,2022-11-22 19:11:46+00:00,EldritchMSPaint,b'RT @magicajaphet: I finally finished this comic\n\nA late birthday gift to my eldritch gal\n(Slight blood warning) https://t.co/z5J9KaWRQI',http://pbs.twimg.com/media/FiCeeYCWAAAkdhU.jpg,Drawpile? Where am I...
193,1595132910176112641,2022-11-22 19:11:36+00:00,dryden_webb,"b'blood, fighting for s1  0.0AZD1  #\xe6\x88\x90\xe9\x83\xbd #\xe5\x90\x88\xe8\x82\xa5 #\xe4\xbd\x9b\xe5\xb1\xb1  https://t.co/rFiT5nexfK'",http://pbs.twimg.com/ext_tw_video_thumb/1594557814583984129/pu/img/4rBEiOUGJCxZVheh.jpg,
194,1595132837744738304,2022-11-22 19:11:19+00:00,tinyhazelnut,"b'\xe2\x80\x9cTo-morrow! Boiling blood of San Gennaro! But I will do it,       #\xe4\xb8\x96\xe7\x95\x8c\xe6\x9d\xaf\xe7\x9b\xb4\xe6\x92\xad     #\xe4\xb8\x96\xe7\x95\x8c\xe6\x9d\xaf\xe4\xb8\x8b\xe6\xb3\xa8  https://t.co/FdRX2CvW8v'",http://pbs.twimg.com/ext_tw_video_thumb/1591742826588516352/pu/img/WY2ZtYr1nd0ApUFN.jpg,
195,1595132836415098880,2022-11-22 19:11:18+00:00,princesspandy87,"b""RT @TimberBams: Zombies but they're just diabetics with high blood sugar who eat your pancreas not your brain. https://t.co/MXBjBL7vT6""",http://pbs.twimg.com/media/FiMMbkAWQAAJVjb.jpg,playing with my demons 
196,1595132835857244160,2022-11-22 19:11:18+00:00,TrevorBlade_,"b'RT @sklvdsk: Shadow, Blood, Dark Knight https://t.co/xdJRPm8yLG'",http://pbs.twimg.com/media/FiFM3AYUcAAOUnb.jpg,"Hell, USA"
197,1595132788088647680,2022-11-22 19:11:07+00:00,Fefi44926019,b'RT @ohxmaa_: Beauty  Tukura this????? \n\nBlood Of Jesus!!  \n\n#BeautyTukura https://t.co/fNwKKEnyQS',http://pbs.twimg.com/media/FiL2717XkAE1QWw.jpg,
198,1595132735366234112,2022-11-22 19:10:54+00:00,pflanzenfae,b'RT @Stat1c0nString: // blood eye contact \nelevator time\n[ #ranboofanart #genlossfanart ] https://t.co/w7d8jUdoLI',http://pbs.twimg.com/media/Fh9O9mZUcAAWpJV.jpg,he/him
199,1595132623646785539,2022-11-22 19:10:28+00:00,schroedern62,b'RT @RCHS_Stu_Co: Today we hosted the RCHS blood drive! Here are some pictures from the event! https://t.co/JN1XMulp7L',http://pbs.twimg.com/media/FiMHtTIXkAIhRCX.jpg,"Rushville, IN"
200,1595132622417428481,2022-11-22 19:10:27+00:00,tahmine_13,"b'A protein substance produced in the blood or tissues in response to a specific antigen, such as a bacterium or a https://t.co/5Uw5KcrSdA'",http://pbs.twimg.com/ext_tw_video_thumb/1594248775853146112/pu/img/9SXHYi8vPYYcjZTv.jpg,
201,1595132618194190338,2022-11-22 19:10:26+00:00,sephiroodle,b'RT @skelesass: TW//BLOOD\n\nBleeding heart\n#DevilMayCry #DMC #Sparda #fanart https://t.co/G9ZRbsvVSg',http://pbs.twimg.com/media/FiIjH1zWIAA54nW.jpg,Capulet City
202,1595132607226089473,2022-11-22 19:10:24+00:00,ThorndikeMonroe,b'blood flowing 2  A0.01apeCB0B  https://t.co/9fdrDJXbiw',http://pbs.twimg.com/ext_tw_video_thumb/1594371475963727873/pu/img/e4X4i3VM8BZ-aOGR.jpg,
203,1595132592193695744,2022-11-22 19:10:20+00:00,ceoykyb,b'brianna garcia and jessica gomes; the latino blood is strong https://t.co/dG1KuPsHXo',http://pbs.twimg.com/media/FiMModLX0AAGa12.jpg,she/her +25 
204,1595132523335806977,2022-11-22 19:10:04+00:00,NAMESZS,b'RT @Crunchyroll: \xe2\x9c\xa8 White Blood Cells \xe2\x9c\xa8 (via Cells at Work!! CODE BLACK) https://t.co/57694qQ7lJ',http://pbs.twimg.com/media/FiLu9R-WIAAuEyU.jpg,Twitter 
205,1595132508311498754,2022-11-22 19:10:00+00:00,AVAM1362,b'The drop of Irish blood in him prompted him to go back to      #\xe4\xb8\x96\xe7\x95\x8c\xe6\x9d\xaf\xe7\x9b\xb4\xe6\x92\xad     #\xe4\xb8\x96\xe7\x95\x8c\xe6\x9d\xaf\xe4\xb8\x8b\xe6\xb3\xa8  https://t.co/iTbfPqMaVH',http://pbs.twimg.com/ext_tw_video_thumb/1591742826588516352/pu/img/WY2ZtYr1nd0ApUFN.jpg,
206,1595132487625191425,2022-11-22 19:09:55+00:00,Zeamays69,"b'RT @sklvdsk: Shadow, Blood, Dark Knight https://t.co/xdJRPm8yLG'",http://pbs.twimg.com/media/FiFM3AYUcAAOUnb.jpg,Sloveniaüá∏üáÆ
207,1595132450320941056,2022-11-22 19:09:46+00:00,godcomplexqueen,b'weyes blood was like what if I begin this album by making justice as emotional as possible  https://t.co/JSZM4A4tAA https://t.co/HtCvoxnXVZ',http://pbs.twimg.com/media/FiMMgaFUcAAGPPl.jpg,
208,1595132384831483907,2022-11-22 19:09:31+00:00,VTuberEllie,"b'RT @sklvdsk: Shadow, Blood, Dark Knight https://t.co/xdJRPm8yLG'",http://pbs.twimg.com/media/FiFM3AYUcAAOUnb.jpg,Your bed (Florida)
209,1595132384676286465,2022-11-22 19:09:31+00:00,deku_rrj,b'RT @Crunchyroll: \xe2\x9c\xa8 White Blood Cells \xe2\x9c\xa8 (via Cells at Work!! CODE BLACK) https://t.co/57694qQ7lJ',http://pbs.twimg.com/media/FiLu9R-WIAAuEyU.jpg,"Bulacan, Central Luzon"
210,1595132370226917377,2022-11-22 19:09:27+00:00,ellen_marico,b'#ROR\xe4\xbd\x93\xe8\x82\xb2  #\xe5\xbc\x80\xe4\xba\x91\xe4\xbd\x93\xe8\x82\xb2  #\xe7\xa7\x91\xe6\xaf\x94\xe4\xbd\x93\xe8\x82\xb2 #\xe5\x85\xab\xe6\x88\x92\xe4\xbd\x93\xe8\x82\xb2 #\xe4\xb8\x96\xe7\x95\x8c\xe6\x9d\xaf  #\xe7\x94\xb5\xe7\xab\x9e  #\xe5\xbd\xa9\xe7\xa5\xa8  #\xe8\xb5\x9b\xe8\xbd\xa6 #NBA   https://t.co/Fyt1DAlzky\nBlood hour water.\n\xf0\x9f\x98\x85\xf0\x9f\x91\x8c\xf0\x9f\x98\x84\xf0\x9f\x92\xab\xf0\x9f\xa5\xb0',http://pbs.twimg.com/ext_tw_video_thumb/1595044513206370305/pu/img/PCFaBKxCnMZDZB6G.jpg,"Ijebu-Ode, Nigeria"
211,1595132364145188864,2022-11-22 19:09:26+00:00,TimberBams,"b""Zombies but they're just diabetics with high blood sugar who eat your pancreas not your brain. https://t.co/MXBjBL7vT6""",http://pbs.twimg.com/media/FiMMbkAWQAAJVjb.jpg, üêùüçØ é…Ø …• á·¥â ç u çop «ùp·¥âsd‚à©
212,1595132344805240832,2022-11-22 19:09:21+00:00,IanJBattaglia,b'Come play Melty Blood! https://t.co/TqRkJ0JmoA https://t.co/pJLM0g7k2U',http://pbs.twimg.com/media/FiMMagFXwAkaL6w.jpg,‚ú∂‚ú∂‚ú∂‚ú∂
213,1595132326178324481,2022-11-22 19:09:17+00:00,MiguelAVazG,b'RT @fasc1nate: How to pump blood to the brain with CPR.\nhttps://t.co/GZeD2RR7f7',http://pbs.twimg.com/ext_tw_video_thumb/1549718845778264064/pu/img/vlCnRNG0mU0b161u.jpg,Cd_Mx
214,1595132281584504832,2022-11-22 19:09:06+00:00,AugustineTracy3,"b'blood, fighting for s1  0.0ZE3  #\xe6\x88\x90\xe9\x83\xbd #\xe5\x90\x88\xe8\x82\xa5 #\xe4\xbd\x9b\xe5\xb1\xb1 https://t.co/FHkgpcYTb4'",http://pbs.twimg.com/ext_tw_video_thumb/1594506914762698754/pu/img/x9b36Y8Zq7ImMO2L.jpg,
215,1595132278899818496,2022-11-22 19:09:06+00:00,QuippyWasTaken,"b'RT @ViCosplays: My Blood Elf Runeknight Aetherlaria, drawn by @ixqvina &lt;3 https://t.co/XKnlEoRnmb'",http://pbs.twimg.com/media/FiL1KROXkAQReQY.jpg,
216,1595132266933800965,2022-11-22 19:09:03+00:00,KhitaMewrilah,b'RT @longtailsheep: Seeking for Blood~\n#drawMEI #ameliaRT #Artsuki https://t.co/1Vu0YBgDx9',http://pbs.twimg.com/media/FiJFLzXaUAAPjHV.jpg,
217,1595132265604206593,2022-11-22 19:09:02+00:00,setu1909,b'RT @rahmie_chelsea: Una go cry \xf0\x9f\x98\xad blood\nBig Sheggz \xf0\x9f\x8e\x89\xf0\x9f\x8e\x89\xf0\x9f\x8e\x89\nSEGUN DANIEL OLUSEMO\nCONGRATULATIONS SHEGGZ\n\n#ChipperXSheggz https://t.co/RdxwhmGTdc',http://pbs.twimg.com/media/FiLpUImWYAMr732.jpg,
218,1595132243042701312,2022-11-22 19:08:57+00:00,OT7forever_evr,b'RT @JinJaaan: Yoonjin out for blood roasting each other \xf0\x9f\x98\x82 https://t.co/f1PtshqzHB',http://pbs.twimg.com/media/FiK_UJHWAAAhgVN.jpg,Boralandüíú
219,1595132232741834752,2022-11-22 19:08:55+00:00,meolamaru,b'RT @Wario64: MELTY BLOOD: TYPE LUMINA is $32.49 on Steam (Deluxe $45.48) https://t.co/WLFSpHmtjW\n\nDeck verified https://t.co/wqHptuLVHU',http://pbs.twimg.com/media/FiL__-4VsAAElfz.jpg,
220,1595132203268476928,2022-11-22 19:08:48+00:00,braniganraniero,b'cL8a4The drop of Irish blood in him prompted him to go back to  #\xe6\x8e\xa8\xe7\x89\xb9\xe5\x88\xb7\xe7\xb2\x89 https://t.co/LNx71WIpUf',http://pbs.twimg.com/ext_tw_video_thumb/1591844428582637568/pu/img/-WFMg8ZltYCir7aV.jpg,Ëá™Âä©ÁΩëÂùÄ:
221,1595132195085377536,2022-11-22 19:08:46+00:00,The_Beach_Life_,b'RT @fasc1nate: How to pump blood to the brain with CPR.\nhttps://t.co/GZeD2RR7f7',http://pbs.twimg.com/ext_tw_video_thumb/1549718845778264064/pu/img/vlCnRNG0mU0b161u.jpg,"Key Largo, FL"
222,1595132171496599552,2022-11-22 19:08:40+00:00,EmilyAldington,"b'blood, fighting for s1  0.0ZE1  #\xe6\x88\x90\xe9\x83\xbd #\xe5\x90\x88\xe8\x82\xa5 #\xe4\xbd\x9b\xe5\xb1\xb1 https://t.co/hNPt1AjLk6'",http://pbs.twimg.com/ext_tw_video_thumb/1594506914762698754/pu/img/x9b36Y8Zq7ImMO2L.jpg,
223,1595132170632572928,2022-11-22 19:08:40+00:00,phanpers,b'RT @Wario64: MELTY BLOOD: TYPE LUMINA is $32.49 on Steam (Deluxe $45.48) https://t.co/WLFSpHmtjW\n\nDeck verified https://t.co/wqHptuLVHU',http://pbs.twimg.com/media/FiL__-4VsAAElfz.jpg,
224,1595132160457207810,2022-11-22 19:08:37+00:00,saintamourmi,b'@KorsasErik I hope they leave the blood splatters on it. https://t.co/HGsRJ7yzMD',http://pbs.twimg.com/media/FiMMOqDWAAAWiSe.png,United States
225,1595132142660354049,2022-11-22 19:08:33+00:00,capedwraith,b'Reasons to watch True Blood: https://t.co/Mr4XMevIux',http://pbs.twimg.com/tweet_video_thumb/FiMMN-LVQAA7_ng.jpg,Here and there.
226,1595132140345520129,2022-11-22 19:08:33+00:00,AtTheHague,b'@1125FPS Blood stains and all haha https://t.co/RZMnt3UhEQ',http://pbs.twimg.com/media/FiMMOSFWYAICBrD.jpg,
227,1595132125484789760,2022-11-22 19:08:29+00:00,ThatKirbo,b'RT @Wario64: MELTY BLOOD: TYPE LUMINA is $32.49 on Steam (Deluxe $45.48) https://t.co/WLFSpHmtjW\n\nDeck verified https://t.co/wqHptuLVHU',http://pbs.twimg.com/media/FiL__-4VsAAElfz.jpg,MBTL Ê≠ªÂæí„Éé„Ç®„É´ 
228,1595132081100980225,2022-11-22 19:08:18+00:00,_CherryBombRat_,b'RT @V4N4s: blood moon \xf0\x9f\x8c\x99\xf0\x9f\xa5\x80 https://t.co/h7L1u7RQXA',http://pbs.twimg.com/media/FiLkjdWXkAEBh3Y.jpg,In the rat cage
229,1595132059391262721,2022-11-22 19:08:13+00:00,monando_boyz,b'RT @Wario64: MELTY BLOOD: TYPE LUMINA is $32.49 on Steam (Deluxe $45.48) https://t.co/WLFSpHmtjW\n\nDeck verified https://t.co/wqHptuLVHU',http://pbs.twimg.com/media/FiL__-4VsAAElfz.jpg,
230,1595132049467531264,2022-11-22 19:08:11+00:00,besobendito,b'RT @dweamdoodles: Gabriel #ULTRAKILL is a character that has embedded himself into my brain //cw blood https://t.co/gJMRi08o6F',http://pbs.twimg.com/media/FiB3igyXkAE4ZPF.png,
231,1595132043650031616,2022-11-22 19:08:09+00:00,alanjbetts6,b'RT @meanwhileinau: NEVER FORGET. Daniel Andrews has blood on his hands #PutLaborLast https://t.co/63drypwIAT',http://pbs.twimg.com/media/FiIyLOAVIAA1wBi.jpg,Moonee Ponds Victoria
232,1595132032278941696,2022-11-22 19:08:07+00:00,YoursForever124,"b""RT @jinniesarchives: \xf0\x9f\x90\xb9: jungkook, drum till your hands bleed like 'whiplash'\n\xf0\x9f\x90\xb9: show some blood https://t.co/UD44ne6kfo""",http://pbs.twimg.com/media/FiKyrooaUAM3hpf.jpg,
233,1595131994199166976,2022-11-22 19:07:58+00:00,SusanaOwusu6,b'RT @ohxmaa_: Beauty  Tukura this????? \n\nBlood Of Jesus!!  \n\n#BeautyTukura https://t.co/fNwKKEnyQS',http://pbs.twimg.com/media/FiL2717XkAE1QWw.jpg,
234,1595131956425265152,2022-11-22 19:07:49+00:00,SaroyanMiriam,b'blood flowing 7  A0.01apeCB0B  https://t.co/porNE6UMEt',http://pbs.twimg.com/ext_tw_video_thumb/1594371475963727873/pu/img/e4X4i3VM8BZ-aOGR.jpg,
235,1595131931951190017,2022-11-22 19:07:43+00:00,elizaohhh,b'RT @biyuuji: it was her blood hammer btw https://t.co/yhBtT0OBAX',http://pbs.twimg.com/media/FiHD2n7XEAY1LRz.jpg,
236,1595131907804917762,2022-11-22 19:07:37+00:00,AuroraBryan17,"b'blood, fighting for s3  A0.01apeCB0B  https://t.co/tFoRPqaNko'",http://pbs.twimg.com/ext_tw_video_thumb/1594371475963727873/pu/img/e4X4i3VM8BZ-aOGR.jpg,
237,1595131881120731136,2022-11-22 19:07:31+00:00,bikedonamjoon,"b'RT @basketofloquats: cw // non sexual nudity, blood\n\nPrince, damsel, dragon \n\n#SEOKJIN #YOONGI #NAMJOON #btsfanart https://t.co/PXreln9Bn4'",http://pbs.twimg.com/media/FiL2gG9aYAAJP91.jpg,fefe ‚ô°
238,1595131853920694273,2022-11-22 19:07:24+00:00,sunnysetssail,b'RT @biyuuji: it was her blood hammer btw https://t.co/yhBtT0OBAX',http://pbs.twimg.com/media/FiHD2n7XEAY1LRz.jpg,She/Her
239,1595131843141332992,2022-11-22 19:07:22+00:00,chinyere_miriam,b'RT @ohxmaa_: Beauty  Tukura this????? \n\nBlood Of Jesus!!  \n\n#BeautyTukura https://t.co/fNwKKEnyQS',http://pbs.twimg.com/media/FiL2717XkAE1QWw.jpg,
240,1595131805836800002,2022-11-22 19:07:13+00:00,voidpuppie,b'RT @Deceased_Bunny: blood bunny https://t.co/mpg5yhaMvF',http://pbs.twimg.com/media/FiKtpxzakAANxfP.png,inside your walls
241,1595131754335330304,2022-11-22 19:07:01+00:00,cedron_sanche,b'RT @hoesluvteetee: @joer__ @BornAKang The one with the blood in it\xe2\x80\x99s eyes definitely did it for me https://t.co/M32jCfnQP7',http://pbs.twimg.com/media/FiJdk0TUAAAm57W.jpg,En mis paranoias.
242,1595131751138852864,2022-11-22 19:07:00+00:00,smubiess,b'RT @horrifichymns: // blood \n\nTrying to get used to procreate #FNAF #fnaffanart #fivenightsatfreddys https://t.co/he929mLW8z',http://pbs.twimg.com/media/FiLnVvvaMAAgmG_.jpg, NO REPOSTS 
243,1595131750786531328,2022-11-22 19:07:00+00:00,jangyyen,"b'RT @Narajadika: ; Sweet but psycho\n\n\xe2\x9a\xa0\xef\xb8\x8f 18+, Harshword, Torture, Murder, Blood\n\xe2\x80\x94 a biblebuild four tweets au https://t.co/xWeb2weiKh'",http://pbs.twimg.com/media/FiEVFqgakAAWZM1.jpg,fujo | hmvphobic dni
244,1595131743484665856,2022-11-22 19:06:58+00:00,lubiejesckarme,b'RT @biyuuji: it was her blood hammer btw https://t.co/yhBtT0OBAX',http://pbs.twimg.com/media/FiHD2n7XEAY1LRz.jpg,pick me ≈õmietnik
245,1595131686311714816,2022-11-22 19:06:44+00:00,taylorjane___,b'RT @sapphicslike: jenna ortega covered in blood https://t.co/AD8tBpf7GY',http://pbs.twimg.com/media/FhT3tOlXgAEMpvz.jpg,i ‚ô° hyuna | dtx
246,1595131660949139456,2022-11-22 19:06:38+00:00,edwi18,"b'RT @flor_ell879: Blood of Christ, freeing souls from Purgatory, save us! \xf0\x9f\x99\x8f\xe2\x9c\x9d\xef\xb8\x8f\xf0\x9f\x95\xaf\xef\xb8\x8f\xf0\x9f\x95\xaf\xef\xb8\x8f\xf0\x9f\x95\x8a\xef\xb8\x8f\xf0\x9f\x95\x8a\xef\xb8\x8f https://t.co/3xTHFDQhfY'",http://pbs.twimg.com/media/FiLTQTeUoAA2U6U.jpg,
247,1595131640350593024,2022-11-22 19:06:33+00:00,JamesAledk1,"b'blood, fighting for s1  0.0B1  #\xe5\xa4\xa7\xe8\xbf\x9e #\xe8\xb4\xb5\xe9\x98\xb3 #\xe5\x8d\x97\xe5\xae\x81 https://t.co/gIPWpHR7Zi'",http://pbs.twimg.com/ext_tw_video_thumb/1594979382036422656/pu/img/1iZu5NptnHueRlmq.jpg,
248,1595131632956342277,2022-11-22 19:06:32+00:00,PinkK067sTairs,b'RT @JojoMaxine: // Blood\nVerdena https://t.co/Q5sbGw4dOV',http://pbs.twimg.com/media/FiL4Fj0aUAAUzTH.jpg,France
249,1595131630561398784,2022-11-22 19:06:31+00:00,SonicHeroXD,b'New blood https://t.co/ErZobWfFXw',http://pbs.twimg.com/media/FiMLuQdXwAgqmfM.jpg,
250,1595131602216288256,2022-11-22 19:06:24+00:00,BunnySinoa,b'RT @themoonpics_: Blood Moon. https://t.co/7RXtaRMlGs',http://pbs.twimg.com/media/Fh7XtavWYAALPRI.jpg,On the moon with the rabbit
251,1595131592132857856,2022-11-22 19:06:22+00:00,UlaSpencer9,"b'blood, fighting for s3  A0.01apeCB0B  https://t.co/oLoEkmJiMW'",http://pbs.twimg.com/ext_tw_video_thumb/1594371475963727873/pu/img/e4X4i3VM8BZ-aOGR.jpg,
252,1595131582901547010,2022-11-22 19:06:20+00:00,RedKalaharian,b'RT @MalumeRichie: I always knew Saudi was in my blood\xf0\x9f\xa4\x9e\xf0\x9f\x8f\xbd\xf0\x9f\xa4\x9e\xf0\x9f\x8f\xbd\xf0\x9f\xa4\xa3 https://t.co/mNNBX53Sl0',http://pbs.twimg.com/media/FiLtZbsXkAIRgrR.jpg,Namibia
253,1595131556456185858,2022-11-22 19:06:13+00:00,CCRRadio1,b'Jamming on CCR Radio &gt;  Mykal Rose : Blood Up / Listen now On Roku TV. Find CCR Radio on your Roku TV Channel. https://t.co/K7UTcMiboW',http://pbs.twimg.com/media/FiMLss0XwBIHQko.jpg,"Croydon, London"
254,1595131546390102016,2022-11-22 19:06:11+00:00,oxytail,"b'RT @ViCosplays: My Blood Elf Runeknight Aetherlaria, drawn by @ixqvina &lt;3 https://t.co/XKnlEoRnmb'",http://pbs.twimg.com/media/FiL1KROXkAQReQY.jpg,
255,1595131542195490816,2022-11-22 19:06:10+00:00,Aziamuth,b'RT @biyuuji: it was her blood hammer btw https://t.co/yhBtT0OBAX',http://pbs.twimg.com/media/FiHD2n7XEAY1LRz.jpg,"Carballo, A Coru√±a"
256,1595131519429128192,2022-11-22 19:06:04+00:00,HShack5,b'@elonmusk You just made so much ass blood.   Well done. https://t.co/JbYo83oCWE',http://pbs.twimg.com/tweet_video_thumb/FiMLqPsXEAE8ynE.jpg,Vermont
257,1595131507580231681,2022-11-22 19:06:02+00:00,tinotendasteph,"b'RT @challies: ""Remember that no sin can stand before the efficacy of Christ\xe2\x80\x99s blood."" (John Flavel) https://t.co/uAtqgNHx10'",http://pbs.twimg.com/media/FiMKcaqXEAEwCXY.jpg,"Zhejiang, Lishui"
258,1595131495089176576,2022-11-22 19:05:59+00:00,ManiaMoo,b'RT @V4N4s: blood moon \xf0\x9f\x8c\x99\xf0\x9f\xa5\x80 https://t.co/h7L1u7RQXA',http://pbs.twimg.com/media/FiLkjdWXkAEBh3Y.jpg,i: @obstinatelyoxi1 !!!!
259,1595131484586708993,2022-11-22 19:05:56+00:00,naija0329,"b'RT @basketofloquats: cw // non sexual nudity, blood\n\nPrince, damsel, dragon \n\n#SEOKJIN #YOONGI #NAMJOON #btsfanart https://t.co/PXreln9Bn4'",http://pbs.twimg.com/media/FiL2gG9aYAAJP91.jpg,United States
260,1595131434930688001,2022-11-22 19:05:44+00:00,Jamcat1234,b'RT @Xx17965797N: Immediate changes and improvements in blood due to Grounding or Earthing https://t.co/iESfolUoOA',http://pbs.twimg.com/ext_tw_video_thumb/1594789160816185344/pu/img/oYg6qXE7Cq2wntqr.jpg,"England, United Kingdom"
261,1595131408758063119,2022-11-22 19:05:38+00:00,43eJMJCF4bR25z9,b'The sight of the masked gunman made my blood freeze https://t.co/Fa1gAiEdHf',http://pbs.twimg.com/ext_tw_video_thumb/1594248775853146112/pu/img/9SXHYi8vPYYcjZTv.jpg,
