,id,url
0,1595135957446979584,http://pbs.twimg.com/ext_tw_video_thumb/1594248775853146112/pu/img/9SXHYi8vPYYcjZTv.jpg
1,1595135938518474752,http://pbs.twimg.com/media/FiK8ZwcXkAIvmWI.jpg
2,1595135928003186688,http://pbs.twimg.com/ext_tw_video_thumb/1591742826588516352/pu/img/WY2ZtYr1nd0ApUFN.jpg
3,1595135918440321026,http://pbs.twimg.com/media/FiMM_BmXwA4DH-T.jpg
4,1595135908097167360,http://pbs.twimg.com/ext_tw_video_thumb/1594984739059933192/pu/img/prZIHSrLODXh0VjK.jpg
5,1595135887251161090,http://pbs.twimg.com/ext_tw_video_thumb/1594248775853146112/pu/img/9SXHYi8vPYYcjZTv.jpg
6,1595135872378490881,http://pbs.twimg.com/media/FiJdk0TUAAAm57W.jpg
7,1595135852455215104,http://pbs.twimg.com/media/FiKmZWdVsAAsug9.jpg
8,1595135801464999937,http://pbs.twimg.com/ext_tw_video_thumb/1594800301982511110/pu/img/Cfnlvncogrf_KZO9.jpg
9,1595135771614523393,http://pbs.twimg.com/media/FiLpUImWYAMr732.jpg
10,1595135762399260672,http://pbs.twimg.com/ext_tw_video_thumb/1595113197110976514/pu/img/REaj_WstZ1aoG2T_.jpg
11,1595135689984970752,http://pbs.twimg.com/media/FiHD2n7XEAY1LRz.jpg
12,1595135620003008512,http://pbs.twimg.com/ext_tw_video_thumb/1594979382036422656/pu/img/1iZu5NptnHueRlmq.jpg
13,1595135618623082497,http://pbs.twimg.com/media/FiL1KROXkAQReQY.jpg
14,1595135598708150273,http://pbs.twimg.com/media/FiHD2n7XEAY1LRz.jpg
15,1595135596997267457,http://pbs.twimg.com/media/FiLpUImWYAMr732.jpg
16,1595135573794394112,http://pbs.twimg.com/media/FiKjNU7VEAE-lcw.jpg
17,1595135570384023552,http://pbs.twimg.com/ext_tw_video_thumb/1594248775853146112/pu/img/9SXHYi8vPYYcjZTv.jpg
18,1595135542823645184,http://pbs.twimg.com/ext_tw_video_thumb/1594800301982511110/pu/img/Cfnlvncogrf_KZO9.jpg
19,1595135511202791425,http://pbs.twimg.com/media/FiB3igyXkAE4ZPF.png
20,1595135498192056321,http://pbs.twimg.com/ext_tw_video_thumb/1594789160816185344/pu/img/oYg6qXE7Cq2wntqr.jpg
21,1595135475861577729,http://pbs.twimg.com/ext_tw_video_thumb/1594224535683104768/pu/img/FX-3Fq3c23zaN7OE.jpg
22,1595135462725029889,http://pbs.twimg.com/media/FiJdk0TUAAAm57W.jpg
23,1595135460917260289,http://pbs.twimg.com/ext_tw_video_thumb/1591742826588516352/pu/img/WY2ZtYr1nd0ApUFN.jpg
24,1595135422036049920,http://pbs.twimg.com/ext_tw_video_thumb/1591742826588516352/pu/img/WY2ZtYr1nd0ApUFN.jpg
25,1595135389895110656,http://pbs.twimg.com/media/FiMPLo3XwA42eYw.jpg
26,1595135386208342016,http://pbs.twimg.com/media/FiMHtTIXkAIhRCX.jpg
27,1595135383997931521,http://pbs.twimg.com/media/FiIjH1zWIAA54nW.jpg
28,1595135382533947396,http://pbs.twimg.com/media/FiHetp9akAAeKA4.jpg
29,1595135379149144077,http://pbs.twimg.com/ext_tw_video_thumb/1594578054663221248/pu/img/qH14GPiejF0_UvMH.jpg
30,1595135360472088576,http://pbs.twimg.com/ext_tw_video_thumb/1594618869074653189/pu/img/aBlAQio7KLV0tjhA.jpg
31,1595135331073896448,http://pbs.twimg.com/media/FiFM3AYUcAAOUnb.jpg
32,1595135309007593472,http://pbs.twimg.com/ext_tw_video_thumb/1594979382036422656/pu/img/1iZu5NptnHueRlmq.jpg
33,1595135296521183233,http://pbs.twimg.com/ext_tw_video_thumb/1594799982946955264/pu/img/nAU1sBuwqmWD7Ttt.jpg
34,1595135287868653568,http://pbs.twimg.com/tweet_video_thumb/FiMPEdTWYAER88E.jpg
35,1595135275788734464,http://pbs.twimg.com/media/FiMM_BmXwA4DH-T.jpg
36,1595135269057204224,http://pbs.twimg.com/media/FiMOjI4UcAEnG5m.jpg
37,1595135264875499521,http://pbs.twimg.com/media/FiFM3AYUcAAOUnb.jpg
38,1595135209246142465,http://pbs.twimg.com/media/FiHy8txWQAAYI5A.jpg
39,1595135192918032384,http://pbs.twimg.com/media/FiK8ZwcXkAIvmWI.jpg
40,1595135184273575938,http://pbs.twimg.com/ext_tw_video_thumb/1594578054663221248/pu/img/qH14GPiejF0_UvMH.jpg
41,1595135179462303750,http://pbs.twimg.com/media/FiMLClOWIAIuO4G.jpg
42,1595135171560607745,http://pbs.twimg.com/media/FiJdk0TUAAAm57W.jpg
43,1595135163075559424,http://pbs.twimg.com/media/FiLC5GbWYAEY0Iu.jpg
44,1595135144331182080,http://pbs.twimg.com/media/FiMO9YdWAAAbyLC.jpg
45,1595135143215235074,http://pbs.twimg.com/ext_tw_video_thumb/1594248775853146112/pu/img/9SXHYi8vPYYcjZTv.jpg
46,1595135129881825280,http://pbs.twimg.com/ext_tw_video_thumb/1594248775853146112/pu/img/9SXHYi8vPYYcjZTv.jpg
47,1595135115746693120,http://pbs.twimg.com/media/FiHy8txWQAAYI5A.jpg
48,1595135114446798848,http://pbs.twimg.com/media/FiMM_BmXwA4DH-T.jpg
49,1595135111267115008,http://pbs.twimg.com/media/FhJVJuqXoAEE3QJ.jpg
50,1595135064052240385,http://pbs.twimg.com/ext_tw_video_thumb/1594557814583984129/pu/img/4rBEiOUGJCxZVheh.jpg
51,1595135042224807937,http://pbs.twimg.com/media/FiLpUImWYAMr732.jpg
52,1595135030958821377,http://pbs.twimg.com/ext_tw_video_thumb/1594979382036422656/pu/img/1iZu5NptnHueRlmq.jpg
53,1595135007898898432,http://pbs.twimg.com/media/FiHy8txWQAAYI5A.jpg
54,1595134992606060544,http://pbs.twimg.com/ext_tw_video_thumb/1594557814583984129/pu/img/4rBEiOUGJCxZVheh.jpg
55,1595134989225840646,http://pbs.twimg.com/media/FiIjH1zWIAA54nW.jpg
56,1595134963909001219,http://pbs.twimg.com/media/FiI2mN_XoAAeDxJ.jpg
57,1595134963330220032,http://pbs.twimg.com/media/FiMOCtWXkAE4XN_.jpg
58,1595134948520128513,http://pbs.twimg.com/media/FiMOxKqXwBEotwZ.jpg
59,1595134947735441408,http://pbs.twimg.com/tweet_video_thumb/FiMMN-LVQAA7_ng.jpg
60,1595134933365686275,http://pbs.twimg.com/ext_tw_video_thumb/1594979382036422656/pu/img/1iZu5NptnHueRlmq.jpg
61,1595134914520788993,http://pbs.twimg.com/media/FiMM_BmXwA4DH-T.jpg
62,1595134909433008129,http://pbs.twimg.com/media/FiKmZWdVsAAsug9.jpg
63,1595134853070323712,http://pbs.twimg.com/media/FiKtpxzakAANxfP.png
64,1595134833541332992,http://pbs.twimg.com/media/FiMOjI4UcAEnG5m.jpg
65,1595134818731556864,http://pbs.twimg.com/media/FiIyLOAVIAA1wBi.jpg
66,1595134817162887168,http://pbs.twimg.com/ext_tw_video_thumb/1595134797201825792/pu/img/FuPjtGk44wSw8b_-.jpg
67,1595134786162790403,http://pbs.twimg.com/ext_tw_video_thumb/1594789160816185344/pu/img/oYg6qXE7Cq2wntqr.jpg
68,1595134783193223169,http://pbs.twimg.com/media/FiLc96EVIAA3_Oo.jpg
69,1595134779602894848,http://pbs.twimg.com/media/FiHD2n7XEAY1LRz.jpg
70,1595134773261144066,http://pbs.twimg.com/media/FiKtpxzakAANxfP.png
71,1595134710837317632,http://pbs.twimg.com/media/FftN4awWIAMhASU.jpg
72,1595134683700154368,http://pbs.twimg.com/media/Fhu-gYGUoAEOXxn.jpg
73,1595134675273805824,http://pbs.twimg.com/ext_tw_video_thumb/1594789160816185344/pu/img/oYg6qXE7Cq2wntqr.jpg
74,1595134673344409600,http://pbs.twimg.com/ext_tw_video_thumb/1594371475963727873/pu/img/e4X4i3VM8BZ-aOGR.jpg
75,1595134646714449920,http://pbs.twimg.com/ext_tw_video_thumb/1590476507964547072/pu/img/QFuKrAWT3Ty5n6Xp.jpg
76,1595134611742392322,http://pbs.twimg.com/ext_tw_video_thumb/1594248775853146112/pu/img/9SXHYi8vPYYcjZTv.jpg
77,1595134600631590912,http://pbs.twimg.com/ext_tw_video_thumb/1594837505471549446/pu/img/TWQVUyE61QTgJeGG.jpg
78,1595134599750856704,http://pbs.twimg.com/tweet_video_thumb/FiMOdfnXwAcHfDd.jpg
79,1595134591559684096,http://pbs.twimg.com/media/FiLTQTeUoAA2U6U.jpg
80,1595134573960081413,http://pbs.twimg.com/ext_tw_video_thumb/1594799982946955264/pu/img/nAU1sBuwqmWD7Ttt.jpg
81,1595134551227273217,http://pbs.twimg.com/media/FiL9FPKWQAI_VV4.jpg
82,1595134542360489986,http://pbs.twimg.com/ext_tw_video_thumb/1594950695584661506/pu/img/ycqzRqv1TJpu56b3.jpg
83,1595134521669996544,http://pbs.twimg.com/ext_tw_video_thumb/1594618869074653189/pu/img/aBlAQio7KLV0tjhA.jpg
84,1595134492108533761,http://pbs.twimg.com/media/FiL__-4VsAAElfz.jpg
85,1595134491785560064,http://pbs.twimg.com/media/FiKmZWdVsAAsug9.jpg
86,1595134490644709379,http://pbs.twimg.com/media/FiKmZWdVsAAsug9.jpg
87,1595134488874389504,http://pbs.twimg.com/media/FiKmZWdVsAAsug9.jpg
88,1595134483422117889,http://pbs.twimg.com/ext_tw_video_thumb/1594979382036422656/pu/img/1iZu5NptnHueRlmq.jpg
89,1595134471979692032,http://pbs.twimg.com/media/FiMOWJHUYAYHxke.jpg
90,1595134453164429313,http://pbs.twimg.com/amplify_video_thumb/1592930311498649601/img/XVGqj-0SXL6_Cwda.jpg
91,1595134444381548544,http://pbs.twimg.com/ext_tw_video_thumb/1594789160816185344/pu/img/oYg6qXE7Cq2wntqr.jpg
92,1595134439633596416,http://pbs.twimg.com/media/Fh6LEmjXgAE_8zz.jpg
93,1595134387028656130,http://pbs.twimg.com/media/FiMOPCtXwA4URf6.jpg
94,1595134319135113217,http://pbs.twimg.com/media/FiJBclPX0AAUcSQ.jpg
95,1595134311673782272,http://pbs.twimg.com/media/FiJdk0TUAAAm57W.jpg
96,1595134303226458113,http://pbs.twimg.com/ext_tw_video_thumb/1594506914762698754/pu/img/x9b36Y8Zq7ImMO2L.jpg
97,1595134283773251584,http://pbs.twimg.com/ext_tw_video_thumb/1594799982946955264/pu/img/nAU1sBuwqmWD7Ttt.jpg
98,1595134274617114627,http://pbs.twimg.com/media/FiL__-4VsAAElfz.jpg
99,1595134272494788608,http://pbs.twimg.com/media/FiJdk0TUAAAm57W.jpg
100,1595134239280082944,http://pbs.twimg.com/media/FiMM_BmXwA4DH-T.jpg
101,1595134224159629313,http://pbs.twimg.com/ext_tw_video_thumb/1594371475963727873/pu/img/e4X4i3VM8BZ-aOGR.jpg
102,1595134214386909184,http://pbs.twimg.com/media/FiMOHGjXwBo4Ble.jpg
103,1595134204047921152,http://pbs.twimg.com/media/FiDkcNjUUAAIzQP.jpg
104,1595134164927664128,http://pbs.twimg.com/media/FiHetp9akAAeKA4.jpg
105,1595134134266929152,http://pbs.twimg.com/ext_tw_video_thumb/1594578054663221248/pu/img/qH14GPiejF0_UvMH.jpg
106,1595134130009690112,http://pbs.twimg.com/media/FiJFLzXaUAAPjHV.jpg
107,1595134129804234752,http://pbs.twimg.com/media/FiMM_BmXwA4DH-T.jpg
108,1595134126516219905,http://pbs.twimg.com/media/FiLnVvvaMAAgmG_.jpg
109,1595134120564342809,http://pbs.twimg.com/media/FiMOBvPXwAA6IHs.jpg
110,1595134089551810560,http://pbs.twimg.com/media/FiKmZWdVsAAsug9.jpg
111,1595134088775495680,http://pbs.twimg.com/media/FiMN_OnXEAEngn7.jpg
112,1595134062452420608,http://pbs.twimg.com/media/FiMN7ImaAAAGbug.png
113,1595134052545462273,http://pbs.twimg.com/media/FiMN9dRaEAAUlRI.jpg
114,1595134052432240640,http://pbs.twimg.com/media/FiMM_BmXwA4DH-T.jpg
115,1595134048229560320,http://pbs.twimg.com/ext_tw_video_thumb/1594248775853146112/pu/img/9SXHYi8vPYYcjZTv.jpg
116,1595134043003445248,http://pbs.twimg.com/media/FiL2717XkAE1QWw.jpg
117,1595134031834017793,http://pbs.twimg.com/media/FiMM_BmXwA4DH-T.jpg
118,1595134010371739648,http://pbs.twimg.com/media/FiHD2n7XEAY1LRz.jpg
119,1595133980814508032,http://pbs.twimg.com/ext_tw_video_thumb/1594557814583984129/pu/img/4rBEiOUGJCxZVheh.jpg
120,1595133965652066304,http://pbs.twimg.com/media/FiMM_BmXwA4DH-T.jpg
121,1595133948417523713,http://pbs.twimg.com/media/FiL__-4VsAAElfz.jpg
122,1595133933007802368,http://pbs.twimg.com/media/FiKuERuVEAAhWh_.jpg
123,1595133931372048384,http://pbs.twimg.com/ext_tw_video_thumb/1594371475963727873/pu/img/e4X4i3VM8BZ-aOGR.jpg
124,1595133920047398912,http://pbs.twimg.com/ext_tw_video_thumb/1591742826588516352/pu/img/WY2ZtYr1nd0ApUFN.jpg
125,1595133918596182016,http://pbs.twimg.com/media/FiL__-4VsAAElfz.jpg
126,1595133888686608384,http://pbs.twimg.com/ext_tw_video_thumb/1594248775853146112/pu/img/9SXHYi8vPYYcjZTv.jpg
127,1595133867777982465,http://pbs.twimg.com/ext_tw_video_thumb/1594678916454973440/pu/img/jXu-hAsLsNwfLRjY.jpg
128,1595133814899998720,http://pbs.twimg.com/media/FiMLuQdXwAgqmfM.jpg
129,1595133800585236480,http://pbs.twimg.com/media/FiJdk0TUAAAm57W.jpg
130,1595133783325675521,http://pbs.twimg.com/ext_tw_video_thumb/1594947178610335744/pu/img/zt0sQH_qVC1UXxws.jpg
131,1595133781287268352,http://pbs.twimg.com/ext_tw_video_thumb/1594789160816185344/pu/img/oYg6qXE7Cq2wntqr.jpg
132,1595133773422944257,http://pbs.twimg.com/ext_tw_video_thumb/1594799982946955264/pu/img/nAU1sBuwqmWD7Ttt.jpg
133,1595133753156079616,http://pbs.twimg.com/media/FiMLClOWIAIuO4G.jpg
134,1595133740501860352,http://pbs.twimg.com/media/FiHy8txWQAAYI5A.jpg
135,1595133736773128192,http://pbs.twimg.com/ext_tw_video_thumb/1591742826588516352/pu/img/WY2ZtYr1nd0ApUFN.jpg
136,1595133728959102977,http://pbs.twimg.com/media/FiLnVvvaMAAgmG_.jpg
137,1595133683413168128,http://pbs.twimg.com/ext_tw_video_thumb/1594678916454973440/pu/img/jXu-hAsLsNwfLRjY.jpg
138,1595133662609412096,http://pbs.twimg.com/ext_tw_video_thumb/1594789160816185344/pu/img/oYg6qXE7Cq2wntqr.jpg
139,1595133661464391680,http://pbs.twimg.com/media/FiMLClOWIAIuO4G.jpg
140,1595133655139364864,http://pbs.twimg.com/media/FiIjH1zWIAA54nW.jpg
141,1595133628669124608,http://pbs.twimg.com/media/FiMNkgLXwAQd_6I.jpg
142,1595133613552545792,http://pbs.twimg.com/media/FiMM_BmXwA4DH-T.jpg
143,1595133586348605441,http://pbs.twimg.com/media/FhT3tOlXgAEMpvz.jpg
144,1595133573199458305,http://pbs.twimg.com/ext_tw_video_thumb/1584577458199674882/pu/img/mqP0OGgwCGuGWe9h.jpg
145,1595133564877578241,http://pbs.twimg.com/media/FiMM_BmXwA4DH-T.jpg
146,1595133562134487040,http://pbs.twimg.com/ext_tw_video_thumb/1594371475963727873/pu/img/e4X4i3VM8BZ-aOGR.jpg
147,1595133523660525569,http://pbs.twimg.com/media/FiHy8txWQAAYI5A.jpg
148,1595133518677684224,http://pbs.twimg.com/media/FiLnVvvaMAAgmG_.jpg
149,1595133515494232064,http://pbs.twimg.com/media/FiL__-4VsAAElfz.jpg
150,1595133508552249344,http://pbs.twimg.com/media/FiMNeGIXwBQlWgh.jpg
151,1595133505838600192,http://pbs.twimg.com/ext_tw_video_thumb/1590476507964547072/pu/img/QFuKrAWT3Ty5n6Xp.jpg
152,1595133491397931009,http://pbs.twimg.com/media/FiMNdLFaEAEaEQU.jpg
153,1595133490613612544,http://pbs.twimg.com/tweet_video_thumb/FiMNc5SXwAQImtb.jpg
154,1595133483034329089,http://pbs.twimg.com/media/FiL2717XkAE1QWw.jpg
155,1595133471944740865,http://pbs.twimg.com/media/FiHD2n7XEAY1LRz.jpg
156,1595133465791705092,http://pbs.twimg.com/media/FiL2717XkAE1QWw.jpg
157,1595133463174483968,http://pbs.twimg.com/media/FiHD2n7XEAY1LRz.jpg
158,1595133454282203147,http://pbs.twimg.com/media/FiAbokpaAAAL45M.jpg
159,1595133395230928896,http://pbs.twimg.com/media/FiMM_BmXwA4DH-T.jpg
160,1595133359793278977,http://pbs.twimg.com/media/FiKjNU7VEAE-lcw.jpg
161,1595133358123515904,http://pbs.twimg.com/media/FiMNVe1UoAEPyy2.jpg
162,1595133350486110210,http://pbs.twimg.com/media/FiK8ZwcXkAIvmWI.jpg
163,1595133328314671104,http://pbs.twimg.com/media/FiLpUImWYAMr732.jpg
164,1595133288422993921,http://pbs.twimg.com/media/FiMM_BmXwA4DH-T.jpg
165,1595133264217243648,http://pbs.twimg.com/media/FiMNP5XUYAEnJHr.png
166,1595133249386209280,http://pbs.twimg.com/media/FiL__-4VsAAElfz.jpg
167,1595133230583230464,http://pbs.twimg.com/ext_tw_video_thumb/1591742826588516352/pu/img/WY2ZtYr1nd0ApUFN.jpg
168,1595133186920828929,http://pbs.twimg.com/media/FiHVD66WIAQxgFa.jpg
169,1595133179006177280,http://pbs.twimg.com/media/FiL__-4VsAAElfz.jpg
170,1595133166410682369,http://pbs.twimg.com/ext_tw_video_thumb/1594578054663221248/pu/img/qH14GPiejF0_UvMH.jpg
171,1595133153643225088,http://pbs.twimg.com/media/FiMM_BmXwA4DH-T.jpg
172,1595133140758331393,http://pbs.twimg.com/media/FiMLClOWIAIuO4G.jpg
173,1595133137407086592,http://pbs.twimg.com/media/FiMM_BmXwA4DH-T.jpg
174,1595133136689827840,http://pbs.twimg.com/media/FiK8ZwcXkAIvmWI.jpg
175,1595133108713533440,http://pbs.twimg.com/media/FiFM3AYUcAAOUnb.jpg
176,1595133086068396033,http://pbs.twimg.com/media/FiMM_BmXwA4DH-T.jpg
177,1595133054976430080,http://pbs.twimg.com/ext_tw_video_thumb/1594618869074653189/pu/img/aBlAQio7KLV0tjhA.jpg
178,1595133051293511680,http://pbs.twimg.com/media/FiMM_BmXwA4DH-T.jpg
179,1595133043575963648,http://pbs.twimg.com/media/FiMM_BmXwA4DH-T.jpg
180,1595133041567215616,http://pbs.twimg.com/media/FiMC9DCXkAwdPOH.jpg
181,1595133040057266177,http://pbs.twimg.com/media/FiHVD66WIAQxgFa.jpg
182,1595133037670694912,http://pbs.twimg.com/media/FiMM_BmXwA4DH-T.jpg
183,1595133024903237632,http://pbs.twimg.com/media/FiL__-4VsAAElfz.jpg
184,1595133019769098241,http://pbs.twimg.com/media/FiMAxkiXkBswIFW.jpg
185,1595133002060746753,http://pbs.twimg.com/media/FiMD8uIXkAkhjiv.jpg
186,1595132994259685376,http://pbs.twimg.com/media/FiMM_BmXwA4DH-T.jpg
187,1595132992711630849,http://pbs.twimg.com/media/FiLkjdWXkAEBh3Y.jpg
188,1595132972084051969,http://pbs.twimg.com/media/FiMM_BmXwA4DH-T.jpg
189,1595132960780746754,http://pbs.twimg.com/media/FiK8ZwcXkAIvmWI.jpg
190,1595132953918550016,http://pbs.twimg.com/media/FiJFLzXaUAAPjHV.jpg
191,1595132952219774976,http://pbs.twimg.com/media/FiL7WIIXEAEBIsF.jpg
192,1595132951226093570,http://pbs.twimg.com/media/FiCeeYCWAAAkdhU.jpg
193,1595132910176112641,http://pbs.twimg.com/ext_tw_video_thumb/1594557814583984129/pu/img/4rBEiOUGJCxZVheh.jpg
194,1595132837744738304,http://pbs.twimg.com/ext_tw_video_thumb/1591742826588516352/pu/img/WY2ZtYr1nd0ApUFN.jpg
195,1595132836415098880,http://pbs.twimg.com/media/FiMMbkAWQAAJVjb.jpg
196,1595132835857244160,http://pbs.twimg.com/media/FiFM3AYUcAAOUnb.jpg
197,1595132788088647680,http://pbs.twimg.com/media/FiL2717XkAE1QWw.jpg
198,1595132735366234112,http://pbs.twimg.com/media/Fh9O9mZUcAAWpJV.jpg
199,1595132623646785539,http://pbs.twimg.com/media/FiMHtTIXkAIhRCX.jpg
200,1595132622417428481,http://pbs.twimg.com/ext_tw_video_thumb/1594248775853146112/pu/img/9SXHYi8vPYYcjZTv.jpg
201,1595132618194190338,http://pbs.twimg.com/media/FiIjH1zWIAA54nW.jpg
202,1595132607226089473,http://pbs.twimg.com/ext_tw_video_thumb/1594371475963727873/pu/img/e4X4i3VM8BZ-aOGR.jpg
203,1595132592193695744,http://pbs.twimg.com/media/FiMModLX0AAGa12.jpg
204,1595132523335806977,http://pbs.twimg.com/media/FiLu9R-WIAAuEyU.jpg
205,1595132508311498754,http://pbs.twimg.com/ext_tw_video_thumb/1591742826588516352/pu/img/WY2ZtYr1nd0ApUFN.jpg
206,1595132487625191425,http://pbs.twimg.com/media/FiFM3AYUcAAOUnb.jpg
207,1595132450320941056,http://pbs.twimg.com/media/FiMMgaFUcAAGPPl.jpg
208,1595132384831483907,http://pbs.twimg.com/media/FiFM3AYUcAAOUnb.jpg
209,1595132384676286465,http://pbs.twimg.com/media/FiLu9R-WIAAuEyU.jpg
210,1595132370226917377,http://pbs.twimg.com/ext_tw_video_thumb/1595044513206370305/pu/img/PCFaBKxCnMZDZB6G.jpg
211,1595132364145188864,http://pbs.twimg.com/media/FiMMbkAWQAAJVjb.jpg
212,1595132344805240832,http://pbs.twimg.com/media/FiMMagFXwAkaL6w.jpg
213,1595132326178324481,http://pbs.twimg.com/ext_tw_video_thumb/1549718845778264064/pu/img/vlCnRNG0mU0b161u.jpg
214,1595132281584504832,http://pbs.twimg.com/ext_tw_video_thumb/1594506914762698754/pu/img/x9b36Y8Zq7ImMO2L.jpg
215,1595132278899818496,http://pbs.twimg.com/media/FiL1KROXkAQReQY.jpg
216,1595132266933800965,http://pbs.twimg.com/media/FiJFLzXaUAAPjHV.jpg
217,1595132265604206593,http://pbs.twimg.com/media/FiLpUImWYAMr732.jpg
218,1595132243042701312,http://pbs.twimg.com/media/FiK_UJHWAAAhgVN.jpg
219,1595132232741834752,http://pbs.twimg.com/media/FiL__-4VsAAElfz.jpg
220,1595132203268476928,http://pbs.twimg.com/ext_tw_video_thumb/1591844428582637568/pu/img/-WFMg8ZltYCir7aV.jpg
221,1595132195085377536,http://pbs.twimg.com/ext_tw_video_thumb/1549718845778264064/pu/img/vlCnRNG0mU0b161u.jpg
222,1595132171496599552,http://pbs.twimg.com/ext_tw_video_thumb/1594506914762698754/pu/img/x9b36Y8Zq7ImMO2L.jpg
223,1595132170632572928,http://pbs.twimg.com/media/FiL__-4VsAAElfz.jpg
224,1595132160457207810,http://pbs.twimg.com/media/FiMMOqDWAAAWiSe.png
225,1595132142660354049,http://pbs.twimg.com/tweet_video_thumb/FiMMN-LVQAA7_ng.jpg
226,1595132140345520129,http://pbs.twimg.com/media/FiMMOSFWYAICBrD.jpg
227,1595132125484789760,http://pbs.twimg.com/media/FiL__-4VsAAElfz.jpg
228,1595132081100980225,http://pbs.twimg.com/media/FiLkjdWXkAEBh3Y.jpg
229,1595132059391262721,http://pbs.twimg.com/media/FiL__-4VsAAElfz.jpg
230,1595132049467531264,http://pbs.twimg.com/media/FiB3igyXkAE4ZPF.png
231,1595132043650031616,http://pbs.twimg.com/media/FiIyLOAVIAA1wBi.jpg
232,1595132032278941696,http://pbs.twimg.com/media/FiKyrooaUAM3hpf.jpg
233,1595131994199166976,http://pbs.twimg.com/media/FiL2717XkAE1QWw.jpg
234,1595131956425265152,http://pbs.twimg.com/ext_tw_video_thumb/1594371475963727873/pu/img/e4X4i3VM8BZ-aOGR.jpg
235,1595131931951190017,http://pbs.twimg.com/media/FiHD2n7XEAY1LRz.jpg
236,1595131907804917762,http://pbs.twimg.com/ext_tw_video_thumb/1594371475963727873/pu/img/e4X4i3VM8BZ-aOGR.jpg
237,1595131881120731136,http://pbs.twimg.com/media/FiL2gG9aYAAJP91.jpg
238,1595131853920694273,http://pbs.twimg.com/media/FiHD2n7XEAY1LRz.jpg
239,1595131843141332992,http://pbs.twimg.com/media/FiL2717XkAE1QWw.jpg
240,1595131805836800002,http://pbs.twimg.com/media/FiKtpxzakAANxfP.png
241,1595131754335330304,http://pbs.twimg.com/media/FiJdk0TUAAAm57W.jpg
242,1595131751138852864,http://pbs.twimg.com/media/FiLnVvvaMAAgmG_.jpg
243,1595131750786531328,http://pbs.twimg.com/media/FiEVFqgakAAWZM1.jpg
244,1595131743484665856,http://pbs.twimg.com/media/FiHD2n7XEAY1LRz.jpg
245,1595131686311714816,http://pbs.twimg.com/media/FhT3tOlXgAEMpvz.jpg
246,1595131660949139456,http://pbs.twimg.com/media/FiLTQTeUoAA2U6U.jpg
247,1595131640350593024,http://pbs.twimg.com/ext_tw_video_thumb/1594979382036422656/pu/img/1iZu5NptnHueRlmq.jpg
248,1595131632956342277,http://pbs.twimg.com/media/FiL4Fj0aUAAUzTH.jpg
249,1595131630561398784,http://pbs.twimg.com/media/FiMLuQdXwAgqmfM.jpg
250,1595131602216288256,http://pbs.twimg.com/media/Fh7XtavWYAALPRI.jpg
251,1595131592132857856,http://pbs.twimg.com/ext_tw_video_thumb/1594371475963727873/pu/img/e4X4i3VM8BZ-aOGR.jpg
252,1595131582901547010,http://pbs.twimg.com/media/FiLtZbsXkAIRgrR.jpg
253,1595131556456185858,http://pbs.twimg.com/media/FiMLss0XwBIHQko.jpg
254,1595131546390102016,http://pbs.twimg.com/media/FiL1KROXkAQReQY.jpg
255,1595131542195490816,http://pbs.twimg.com/media/FiHD2n7XEAY1LRz.jpg
256,1595131519429128192,http://pbs.twimg.com/tweet_video_thumb/FiMLqPsXEAE8ynE.jpg
257,1595131507580231681,http://pbs.twimg.com/media/FiMKcaqXEAEwCXY.jpg
258,1595131495089176576,http://pbs.twimg.com/media/FiLkjdWXkAEBh3Y.jpg
259,1595131484586708993,http://pbs.twimg.com/media/FiL2gG9aYAAJP91.jpg
260,1595131434930688001,http://pbs.twimg.com/ext_tw_video_thumb/1594789160816185344/pu/img/oYg6qXE7Cq2wntqr.jpg
261,1595131408758063119,http://pbs.twimg.com/ext_tw_video_thumb/1594248775853146112/pu/img/9SXHYi8vPYYcjZTv.jpg
