,twitter_handle,user_name,description,followers_count,following_count,profile_url,joined_on
0,sumiyusuke,ä¸–ç•Œæ¯ å¼€äº‘ä½“è‚² äºšåšä½“è‚² æ¬§å® ä¸‡åš åä½“ä¼š ç™¾å®¶ä¹ çˆ±æ¸¸æˆ 365ç½‘å€ æ»šçƒ,,5,18,https://pbs.twimg.com/profile_images/1594967233477976065/fZL4JJ1Q_normal.jpg,2015-10-22 07:35:23+00:00
1,seemal1234,seemal ğŸ‡µğŸ‡°,#WoKonTha,99,28,https://pbs.twimg.com/profile_images/1589934684280176640/QGl13Cg5_normal.jpg,2016-11-23 09:13:47+00:00
2,maryam112250,ä¸–ç•Œæ¯èµ›ç¨‹ ä¸–ç•Œæ¯ç›´æ’­ ä¸–ç•Œæ¯èµ”ç‡ å¡å¡”å°”ä¸–ç•Œæ¯ ä¸–ç•Œæ¯æŠ•æ³¨ è¶³å½© ä¸–ç•Œæ¯é¢„æµ‹ ä¸–ç•Œæ¯ç«çŒœ,,1,0,https://pbs.twimg.com/profile_images/1593301656334016513/SBEgOEHI_normal.jpg,2014-04-08 06:07:37+00:00
3,AGuramaPhD,Gurama A Gurama,"I'm tht Fulani bros, FoodDr, die hard Arsnal fan, BSc MCB, PGD CIPM, MSc MCB, PGDE NTI, DPharm, 18C in MCB & PH, PhD Fellow @ ABU & GSU. L2 @ PMB deprtmnt, GSU.",3156,2506,https://pbs.twimg.com/profile_images/1059761988476329985/S9_HFsyG_normal.jpg,2011-07-19 10:39:40+00:00
4,laleee_7,ğ“›ğ“ªğ“µğ“®ğŸ’«,,1203,344,https://pbs.twimg.com/profile_images/1583604715169906691/iCUp4aYU_normal.jpg,2017-11-16 21:31:45+00:00
5,moossii68,ä¸–ç•Œæ¯ äºšåšä½“è‚² ä¹é±¼ è€è™æœº BGçœŸäºº åšé±¼ å…«æˆ’ å±å¸ ç”µç« ç‹è€…è£è€€ äºšåš å¼€äº‘,,1,3,https://pbs.twimg.com/profile_images/1594966856456077313/BVG8vhLd_normal.jpg,2015-11-04 10:05:24+00:00
6,Kennybacon23,Kenny on his last strip of bacon,"this is my last, another suspension then I'm officially done just add me on xbox: kennybacon22",59,447,https://pbs.twimg.com/profile_images/1590824723570647043/Tv-Rzh_r_normal.jpg,2022-09-11 20:30:50+00:00
7,linshen49699377,æ—å£°,ğŸğŸ”®ğŸ•Šï¸ğŸª„â¤ï¸,0,10,https://pbs.twimg.com/profile_images/1553829142621130754/CVP1CVmQ_normal.jpg,2022-07-31 19:42:43+00:00
8,Alhassa30215200,å®Œç¾ä½“è‚² å…«æˆ’ä½“è‚² å¼€äº‘ä½“è‚² ä¸–ç•Œæ¯ è¶³çƒ ç¯®çƒ/ç‚¸é‡‘èŠ±/å½©ç¥¨/äº”å¤§è”èµ›/æ›¼è”/ä¸­è¶…,å®Œç¾ä½“è‚² https://t.co/twxZO1jOZm  å…«æˆ’ä½“è‚² https://t.co/gvbOnaSwqq å¼€äº‘ä½“è‚² https://t.co/JcTkFuPxNw,1,8,https://pbs.twimg.com/profile_images/1116343690224652289/KTKVvRCc_normal.jpg,2019-04-11 14:11:36+00:00
9,Bolanle115,Bolanle,"I'm a very playful person, humble and kind.",713,802,https://pbs.twimg.com/profile_images/1586350152364789760/e-btIgVV_normal.jpg,2022-04-07 20:13:10+00:00
10,shepmalasha,Shayne Singer,#AdoptDontShop #Foster #Dog #Cat #TheseLivesMatter #RescueMe #PickMe #ClearTheShelters #SB295 #rescuedpetsmovement #blackdog #brindle,4215,4960,https://pbs.twimg.com/profile_images/1039539749940330497/7NlmxwiD_normal.jpg,2010-12-27 05:33:07+00:00
11,7Krisweed,krisweed_7,She/her,6,266,https://pbs.twimg.com/profile_images/1436073098860711936/_YtrQYVb_normal.jpg,2021-06-30 17:43:23+00:00
12,WilmotMerle,åŒåŸçº¦ ç‚®å®‰é˜³æ³°å®‰è†å·è¿åŸå®‰åº†æ½®å·æ¸…è¿œå¼€å°è‹å·æ ªæ´²è®¸æ˜Œå®å¾·å…­å®‰å®œæ˜¥èŠåŸæµ·å£æ±•å¤´ä¸‰äºšæ‰¬å·èµ„æº,"The glass heart, think too much, everything accordingly, this is illness, have to cure.",181,384,https://pbs.twimg.com/profile_images/1530684615534563328/kucEcMXc_normal.jpg,2022-05-28 22:57:01+00:00
13,Someguy_Ebon,Ebon,On and off MMO player. I stream sometimes. https://t.co/uJR1VeuUJR,370,245,https://pbs.twimg.com/profile_images/1587763171691040769/3F_F2Awk_normal.jpg,2014-10-22 18:32:40+00:00
14,melontonin0,cinisnail || hnk obsession,"im snail and im an artist multifandom (HNK, PJSK, AOT, ENSTARS, PKM) Ã— RT HEAVY Ã— bertholdt #1 kin",85,114,https://pbs.twimg.com/profile_images/1557044773956960256/4ve9KynN_normal.jpg,2021-04-08 23:55:19+00:00
15,Glory30548465,Glory,Baby gyal ğŸ¥°âœ¨( big sheggz fi lyf ) ğŸ’¯,227,159,https://pbs.twimg.com/profile_images/1595080802039111681/FyY4fzhd_normal.jpg,2022-08-02 14:26:57+00:00
16,najjar_touma,äºšåšä½“è‚² åä½“ä¼š ä¹é±¼ä½“è‚² çˆ±æ¸¸æˆ ç«ç‹ä½“è‚²M3,Ø§Ù„Ù€Ù€Ø®Ù€Ù€ÙÙ€Ù€Ø§Ø¬Ù€Ù€ÙŠ Ø§Ù„Ø¯ÙˆÙ„Ø©ØµØ¯Ø±ÙŠÙ‡,0,2,https://pbs.twimg.com/profile_images/1555346979697602560/90ZLjEJy_normal.jpg,2022-08-05 00:16:19+00:00
17,RKiani666,å¼€äº‘ä½“è‚² USDT 365 è¶³çƒé¢„æµ‹ æ¯”åˆ†é¢„æµ‹ äºšåšä½“è‚² çš‡å† ä½“è‚² æ»šçƒ,,1,2,https://pbs.twimg.com/profile_images/1594967307142500352/v4dXEk1J_normal.jpg,2015-09-30 21:34:14+00:00
18,NadimAssaf5,å®Œç¾ä½“è‚² å…«æˆ’ä½“è‚² å¼€äº‘ä½“è‚² ä¸–ç•Œæ¯ è¶³çƒ å¡ç‰¹å°”ä¸–ç•Œæ¯ ç”µç« æ£‹ç‰Œ Cç½—,å®Œç¾ä½“è‚² https://t.co/FU0HfDqirM  å…«æˆ’ä½“è‚² https://t.co/sMaDa1ZtMf å¼€äº‘ä½“è‚² https://t.co/EFlaJz0xRs,0,1,https://pbs.twimg.com/profile_images/1559171621373775873/f45okaFz_normal.jpg,2022-08-15 13:34:05+00:00
19,Lazobyota,âœ V2 / Vee âœ | world's 2nd gay robot,"â†’ V2 / VEE / LAZO
Â» 20 YRS
Â» HE IT HYMN
Â» The Real V2 from Ultrakill
Â» Kinda gay
â†’ ic. @mothcpu",556,153,https://pbs.twimg.com/profile_images/1587533356740247555/KTkMO5Mf_normal.jpg,2018-05-16 23:59:18+00:00
20,AmmaMbbolin520,Amma,"Wife, mother, Amma , Christian, I stand for the flag and kneel to our God, love our great police officers and by the way I identify as a woman, pure blood",1026,1707,https://pbs.twimg.com/profile_images/1361120072174043139/7waLWY4X_normal.jpg,2021-02-14 21:38:02+00:00
21,len_perkin,åŒåŸçº¦ ç‚®æ˜†æ˜æ²ˆé˜³æµå—æ— é”¡å¦é—¨ç¦å·æ¸©å·é‡‘åå“ˆå°”æ»¨å¤§è¿è´µé˜³å—å®æ³‰å·çŸ³å®¶åº„é•¿æ˜¥å—æ˜Œæƒ å·å¸¸å·èµ„æº,"Rain, recalled my memory, miss is like, across the cheek.",0,0,https://pbs.twimg.com/profile_images/1524799271136026625/c7l7mvSu_normal.jpg,2022-05-12 17:10:38+00:00
22,syahtheG,Black,,283,266,https://pbs.twimg.com/profile_images/1579852032856449024/SXu8yzG4_normal.jpg,2011-01-07 22:40:56+00:00
23,avafaraz,ä¸–ç•Œæ¯ç›´æ’­ ä¸–ç•Œæ¯ä¸‹æ³¨ ä¸–ç•Œæ¯èµ”ç‡ ä¸–ç•Œæ¯æ¨è ä¸–ç•Œæ¯é¢„æµ‹ ä¸–ç•Œæ¯ä¹°çƒ ä¸–ç•Œæ¯èµŒçƒ,ğŸ™‚,2,5,https://pbs.twimg.com/profile_images/1594704039555612677/x61pY0rY_normal.jpg,2021-04-03 14:19:14+00:00
24,PwyaArman,pgç”µå­/mgç”µå­/ppç”µå­/ptç”µå­/ç”µå­æ¸¸æˆ/ç”µå­çˆ†åˆ†,,2,27,https://pbs.twimg.com/profile_images/1592991461489971205/JcsnlRah_normal.jpg,2022-10-16 09:52:44+00:00
25,rosebIusher,Ù‹,merry christmas and wdgaf about thanksgiving | fan parody account,300,506,https://pbs.twimg.com/profile_images/1588548730445336582/EnzMQ-Im_normal.jpg,2021-10-23 03:55:06+00:00
26,rhadley67,Robert Hadley,,531,497,https://pbs.twimg.com/profile_images/1593706594658820096/Z1kfMO21_normal.jpg,2016-05-29 20:54:20+00:00
27,TheMissingNsfw,Shadow â„ï¸ Dante's Christmas Cookie,"Shadow ğŸ’œ | 21 years old | ğŸ” fic writer with a problemâ„¢ğŸ’ | 
On Hiatus until I'm done with my finals | ao3: TheMissingShadow |
FF7/DMC/Persona",138,423,https://pbs.twimg.com/profile_images/1555663447785971725/SOD1O2IK_normal.jpg,2020-08-01 14:11:18+00:00
28,Dallas06376285,ğŸŒŠ Dallas Long â˜† ğŸ’™,"Romans  15:13.    #BlueCrew ğŸ’™ğŸŒŠ  âš½ï¸ğŸ¥…ğŸˆğŸ¶ğŸ• ğŸ™   

Everything that's @dallascowboys 

Just an ordinary chill selfless man here sharing my thoughts on here.",2570,4035,https://pbs.twimg.com/profile_images/1541424878703845377/ayHuf85j_normal.jpg,2020-12-11 08:36:12+00:00
29,JeromeHazlitt,è´µé˜³-å—é€š-å¤ªè¿œ-ä¿å®š-ç æµ·-ä¸­å±±-ä¸´æ²‚-æ½åŠ-çƒŸå°-ç»å…´-æ˜†æ˜-æ²ˆé˜³-æµå—-æ— é”¡-å¦é—¨,"Lost time, flowing water, lost will never come back.",0,0,https://pbs.twimg.com/profile_images/1508656924300042241/MDCdJXAy_normal.jpg,2022-03-29 04:06:47+00:00
30,Earleen71808307,å¼€äº‘ä½“è‚² ç«ç‹ä½“è‚² ä¸–ç•Œæ¯ ä¸–ç•Œæ¯æŠ•æ³¨ ä¸–ç•Œæ¯ä¹°çƒ ä¸–ç•Œæ¯ç«çŒœ ä¸–ç•Œæ¯å½©ç¥¨,,0,2,https://abs.twimg.com/sticky/default_profile_images/default_profile_normal.png,2022-04-27 01:45:57+00:00
31,OpheliaEdni,Ophelia Edni,"Bun Bun in rebranding! A little bunny cozy in her house, ehehe. Come get comfy and join me! I'd love to see you!",5,9,https://pbs.twimg.com/profile_images/1595030034309431296/BMx562Pr_normal.jpg,2022-10-20 09:28:20+00:00
32,trollpoe_chad,åŒåŸçº¦ ç‚®æˆéƒ½é‡åº†æ­å·è¥¿å®‰æ­¦æ±‰è‹å·éƒ‘å·å—äº¬å¤©æ´¥é•¿æ²™ä¸œèå®æ³¢ä½›å±±åˆè‚¥é’å²›åŒ—äº¬ä¸Šæµ·å¹¿å·æ·±åœ³èµ„æº,"If you abandon me big temper, you go to find a flat.",134,392,https://pbs.twimg.com/profile_images/1530581988737949698/Om55xqB-_normal.jpg,2022-05-28 16:09:08+00:00
33,SelenaBetty7,å®Œç¾ä½“è‚² å…«æˆ’ä½“è‚² å¼€äº‘ä½“è‚² ä¸–ç•Œæ¯ è¶³çƒ å¡ç‰¹å°”ä¸–ç•Œæ¯ ç”µç« æ£‹ç‰Œ Cç½—,å®Œç¾ä½“è‚² https://t.co/cRTevJ8xoz  å…«æˆ’ä½“è‚² https://t.co/Mg9loRPI1z å¼€äº‘ä½“è‚² https://t.co/Pd0DJbOjHj,8,0,https://pbs.twimg.com/profile_images/1534829404609708033/itDFz1v-_normal.jpg,2022-06-09 09:26:49+00:00
34,Blood_Bones_,ğŸ©¸Blood Bones ğŸ¦´ | Playing DQXI for the 6th time,"21, Mediocre at Guilty Gear Strive.
I'm also not funny in the slightest.

Profile Pic by:

Banner by: @inkytophat",7,791,https://pbs.twimg.com/profile_images/1594494095703130113/f8CxwEN-_normal.jpg,2018-11-27 15:47:31+00:00
35,SahiraSays,ğŸ‡µğŸ‡°ğŸ‡µğŸ‡°ğŸ‡µğŸ‡°ğŸ’œ,"Verily, in the rememberance of Allah do hearts find rest.",657,332,https://pbs.twimg.com/profile_images/1535207639977689089/gFt_QPFl_normal.jpg,2010-05-04 18:27:56+00:00
36,CFunderburg,C. A. Funderburg,My brand is failure.,1934,186,https://pbs.twimg.com/profile_images/991370005727141894/AICVvs7l_normal.jpg,2010-08-05 20:37:14+00:00
37,Olly_Oxen_Free_,Oliver,"Illiterate peasant, 25, thou/thee/thine pronouns. Got leeches?",44,548,https://pbs.twimg.com/profile_images/1069784158845763585/MTTzsAfa_normal.jpg,2018-12-04 02:31:42+00:00
38,KayleeH30752295,Kaylee Hall,,2,27,https://pbs.twimg.com/profile_images/1538900144283869185/EoV5vM-2_normal.png,2022-06-20 15:02:40+00:00
39,Haniya_Yousafza,Haniya_yousafzai,"Always support the truth and raise your voice against injustice ğŸ’ª_May Allah protect my country ğŸ‡µğŸ‡°and my people  O Allah, we worship you and ask for your help",1319,313,https://pbs.twimg.com/profile_images/1564104914422358016/5z_F4gzV_normal.jpg,2015-10-18 17:26:12+00:00
40,BarbaraByron11,æ˜†æ˜-æ²ˆé˜³-æµå—-æ— é”¡-å¦é—¨-ç¦å·-å“ˆå°”æ»¨-å¤§è¿-çŸ³å®¶åº„-é•¿æ˜¥-å…°å·-ç æµ·-ä¸­å±±-æ½åŠ-çƒŸå°,"I don't know what is dazed and confused, I only know that the winner for the king!",0,0,https://pbs.twimg.com/profile_images/1508661147603378176/SP-k3f3J_normal.jpg,2022-03-29 04:23:36+00:00
41,workAcut,ForeTwenty.eth (ANF) â—‰-â—‰Â¬ğŸ§ƒ,"â€œAnd in the end the â¤ï¸ you take is = 2 the â¤ï¸ you make!â€ Love my wife, ğŸ¶s & â›³ï¸. JPEGs are fun too! PFP: mfer #1492 Banner: ""Garden Gridlock"" by @cafromthesky",2119,3430,https://pbs.twimg.com/profile_images/1594154514424090624/PovEfCpE_normal.png,2009-08-25 19:28:50+00:00
42,Dagaustin2000,Covid Thanos,"AKA the undisputed king of re-tweets, laid back college grad that's into sports,hanging w/ my amigos,meeting new people, having a good time,& catching the â€˜rona",1832,5001,https://pbs.twimg.com/profile_images/1579709959528390656/bXons054_normal.jpg,2009-04-01 03:44:31+00:00
43,km_blood,Dominique,"HOPEKOOK ğŸ¿ğŸ° (biased), KOOKMIN ğŸ°ğŸ¥ is good for heart",32,110,https://pbs.twimg.com/profile_images/1466260673638191111/aBssbsC2_normal.jpg,2021-12-02 04:19:00+00:00
44,_Wekesa_Joseph_,JosÃ©,Software Engineer || Investor NSE,112,100,https://pbs.twimg.com/profile_images/1548351725840388098/CwB7Plez_normal.jpg,2017-07-11 11:53:51+00:00
45,0451_091,äºšåšä½“è‚² ä¹é±¼ä½“è‚² åšé±¼ä½“è‚² ä¹åŠ¨ è¶³å½© äºšç¾ AGçœŸäºº åä½“ä¼š çˆ±æ¸¸æˆä½“è‚² å¡å¡”å°”,,1,2,https://pbs.twimg.com/profile_images/1594966989201707008/bfQKXUR9_normal.jpg,2015-11-19 21:31:12+00:00
46,yousefdanaie,ä¸–ç•Œæ¯ äºšåšä½“è‚² ä¹é±¼ è€è™æœº BGçœŸäºº åšé±¼ å…«æˆ’ å±å¸ ç”µç« ç‹è€…è£è€€ äºšåš å¼€äº‘,DÃ¼rÃ¼st bir insan daima Ã§ocuk kalÄ±r.,0,42,https://pbs.twimg.com/profile_images/1594967046869188608/KVJZyXZN_normal.jpg,2015-11-09 19:45:04+00:00
47,ava_is_home,ava HELD LOUIS??,"18 ~ tpwk â€œspinning out, waiting for you to pull me inâ€ STREAM HARRYS HOUSE",45,274,https://pbs.twimg.com/profile_images/1584621410231672834/S63RwGkN_normal.jpg,2019-06-25 11:39:03+00:00
48,vantos_com,#VANTOS.com,GUNNERFORLIFE,656,1531,https://pbs.twimg.com/profile_images/1143433343138222080/h2smE2A5_normal.jpg,2015-11-28 14:04:23+00:00
49,RickPolad,Rick Polad,"Author of Spencer Manning Mysteries. Geologist, Amateur Astronomer, Science Teacher, Jazz Trumpet, docent at Fermilab.",131799,118557,https://pbs.twimg.com/profile_images/3551811210/473eba0a73c55aefaf4818d7a2a4a756_normal.jpeg,2013-04-07 20:15:28+00:00
50,colbert_needham,æ·±åœ³/æˆéƒ½/é‡åº†/æ­å·/è¥¿å®‰/æ­¦æ±‰/è‹å·/éƒ‘å·/å—äº¬/å¤©æ´¥/é•¿æ²™/ä¸œè/å®æ³¢/ä½›å±±/åˆè‚¥/é’å²›,"In the heart painful bitter only oneself know, silently in tears, you don't understand me, sometimes really very grievance.",0,0,https://pbs.twimg.com/profile_images/1508664457022656513/3lwwXDWm_normal.jpg,2022-03-29 04:36:41+00:00
51,Adeleye43267934,Adeleye Kehinde,imagination,381,2973,https://pbs.twimg.com/profile_images/1595132466423119882/o6ndMa16_normal.jpg,2022-05-22 23:08:10+00:00
52,AlvisBenjamin4,åŒåŸçº¦ ç‚®æˆéƒ½é‡åº†æ­å·è¥¿å®‰æ­¦æ±‰è‹å·éƒ‘å·å—äº¬å¤©æ´¥é•¿æ²™ä¸œèå®æ³¢ä½›å±±åˆè‚¥é’å²›åŒ—äº¬ä¸Šæµ·å¹¿å·æ·±åœ³èµ„æº,Salt in self-restraint sweet to treat people.,119,384,https://pbs.twimg.com/profile_images/1530583129836101632/U2pvqnTl_normal.jpg,2022-05-28 16:13:45+00:00
53,KELIDOSCOPEMIND,samantha â€¢ TEARS!,I'll shatter your world. â€¢ 10.2.18 â€¢ 11.24.19 â€¢ 6.3.22 â€¢,100,54,https://pbs.twimg.com/profile_images/1575638752738742273/7UHSWQqo_normal.jpg,2017-12-22 07:05:46+00:00
54,RaleignWarner,åŒ—äº¬/ä¸Šæµ·/å¹¿å·/æ·±åœ³/æˆéƒ½/é‡åº†/æ­å·/è¥¿å®‰/æ­¦æ±‰/è‹å·/éƒ‘å·/å—äº¬/å¤©æ´¥/é•¿æ²™/ä¸œè/å®æ³¢,"My heart has been chanting, the sun, the sun rises quickly come on!",0,0,https://pbs.twimg.com/profile_images/1508666807267500032/US4WSfPt_normal.jpg,2022-03-29 04:46:03+00:00
55,SakeBombChu,Devilâ€™s Man Baby Cries,"Alexis â€¢ He/They â€¢ 30 â€¢ Antis DNI â€¢ 1/2 of NoJudgementCut â€¢Art Twitter @SpinePile 
ğŸ–¤@storytelleringğŸ–¤",380,295,https://pbs.twimg.com/profile_images/1569827450330177538/NvAaK0Hw_normal.jpg,2009-01-10 21:30:22+00:00
56,Blood_Spider,BloodSpider,Big fan of games / comics / anime / manga / tokusatsu / martial arts / guns / action,567,2888,https://pbs.twimg.com/profile_images/1455020247795347458/sZSF9WlD_normal.jpg,2021-11-01 03:48:54+00:00
57,RideMyPonygliph,CÃ†á”•AR/BBQ JinpachiğŸ”œ DreamCon23ğŸ’­ğŸŒ™,"""I don't want your sandwich, bitch, I ain't gon' be here long. That's ok"" ğŸ¤£ğŸ¥ªğŸ’®| @ShougoHigh #EatTheCakeAnime #CaesarsPalace",653,755,https://pbs.twimg.com/profile_images/1589724235726995456/SBh8igMg_normal.jpg,2011-07-20 08:35:05+00:00
58,ChiefMalZaaki,Chief Mallam Zaaki Sabanna,"The only genuine spiritual helper who has helped many lot of people to make riches all across the world.
contact me now on WhatsApp +2348169832475",2,30,https://pbs.twimg.com/profile_images/1587708375000879108/rd_JyMb6_normal.jpg,2022-11-02 07:07:10+00:00
59,FurtiveSplendor,Francesca |Parody|,"Thunder blossoms gorgeously above our heads. Great, hollow, bell-like flowers rumbling in the wind. ||Parody RP25+|| #Lighter #HisFancyGirl #SurrealDarker #13",7383,5526,https://pbs.twimg.com/profile_images/1592478855075438592/ymr43zKK_normal.jpg,2015-08-10 12:28:07+00:00
60,MurielH81811769,åŒåŸçº¦ ç‚®ä¿¡é˜³è¡¡é˜³æ¹›æ±Ÿä¸‰äºšä¸Šé¥¶é‚¢å°è†ç”°æŸ³å·å®¿è¿ä¹æ±Ÿè¥„é˜³é©»é©¬åº—å®œæ˜Œå²³é˜³è‚‡åº†æ»å·å¨æµ·å¾·å·èµ„æº,"Everyone is through their own efforts, to determine the appearance of life.",0,0,https://pbs.twimg.com/profile_images/1508635492782424064/zfudJNK0_normal.jpg,2022-03-29 02:41:38+00:00
61,SkadzySoprano,Skadz,International Multi Genre DJ | Lover of Sport: Arsenal / Pelicans / KC Chiefs | @SopranoFamEnt | SkadzySoprano@gmail.com | R.I.P Dad â¤ï¸ğŸ™ğŸ¾,1775,1069,https://pbs.twimg.com/profile_images/1586427618500419584/B0PxG39X_normal.jpg,2010-12-11 07:35:11+00:00
62,hsinmaze,cynia,20â¬†ï¸,23,1819,https://pbs.twimg.com/profile_images/1582450679842422785/nljj7NbI_normal.jpg,2018-04-05 10:12:22+00:00
63,mellow_AD,MellowğŸ“ğŸ”,"20 | He/Him ğŸ³â€âš§ | HH & HB ğŸ”Suggestive work |
SFW: @melloweo",13,54,https://pbs.twimg.com/profile_images/1594002574465810434/aOYSoTUB_normal.jpg,2015-04-22 19:26:36+00:00
64,menonfilmpod,Men on Film Pod,A celebration of cinema! A comedy film podcast hosted by: @williammendoza @ryancownie @jakepaul_NFT,475,923,https://pbs.twimg.com/profile_images/1554395548697780224/u-BqkiUE_normal.jpg,2021-04-02 17:36:29+00:00
65,danielfrigo67,frigman,,20,58,https://pbs.twimg.com/profile_images/1586637555134783490/GunH0QvG_normal.jpg,2022-10-30 05:36:22+00:00
66,IreneRo42972852,Irene Robbinsä¸Šæµ·ä¸Šé—¨ -ä¸Šæµ·å­¦ç”Ÿ- ä¸Šæµ·åŒåŸ -ä¸Šæµ·èµ„æºä¸Šæµ·ä¸Šé—¨ -ä¸Šæµ·å­¦ç”Ÿ- ä¸Šæµ·åŒ,"Really want to return to the childhood, happy, can be unscrupulous smile;",120,199,https://pbs.twimg.com/profile_images/1530667584101687296/-cp6HdJu_normal.jpg,2022-05-28 21:49:21+00:00
67,sambhav_13,sambhav gupta,,28,165,https://pbs.twimg.com/profile_images/1232945623348854784/JYLdRcwy_normal.jpg,2010-08-19 14:14:48+00:00
68,Blood_Spider,BloodSpider,Big fan of games / comics / anime / manga / tokusatsu / martial arts / guns / action,567,2888,https://pbs.twimg.com/profile_images/1455020247795347458/sZSF9WlD_normal.jpg,2021-11-01 03:48:54+00:00
69,yeosluver,nanaâ· â³,"for #ë°©íƒ„ì†Œë…„ë‹¨ , #ì—ì´í‹°ì¦ˆ & #ì„¸ë¸í‹´ ğŸ’Œ",55,360,https://pbs.twimg.com/profile_images/1593486813771059201/ESzTPONF_normal.jpg,2021-02-08 03:52:58+00:00
70,Area_Of_Zero,Ciel,ğŸ³ï¸â€âš§ï¸She/her | computer science major | gay as hell | radinclus | poly | #1 Mega Man Zero fan | HRT: 11/09/22,517,1370,https://pbs.twimg.com/profile_images/1488665205341052931/NxX-CG5X_normal.jpg,2022-02-01 23:57:19+00:00
71,caprice01043346,xxx,"Der Mensch ist ein Tier. Erst wenn er sich dessen bewusst wird kann er Mensch sein...

Erkenne dich selbst, werde was du sein kannst ğŸ˜ ğŸ€",372,989,https://abs.twimg.com/sticky/default_profile_images/default_profile_normal.png,2022-09-09 16:55:34+00:00
72,FutureHereWeAre,Zageem,"So rad. -
Prince of Rage (I do not care if Prince is a male exclusive class) - Banner by @IndirectUltima",310,248,https://pbs.twimg.com/profile_images/1587669178873311234/0pG23wjs_normal.jpg,2020-06-26 07:11:28+00:00
73,bettayabet,tjay,"""Careful, if you think too much, theyâ€™ll take you away.""",122,186,https://pbs.twimg.com/profile_images/1475825759944122373/QIsxswV__normal.jpg,2021-12-26 15:10:59+00:00
74,Dorothy89882673,åŒåŸäº¤å‹çº¦å•ªé“¶å·å—é˜³æ¡‚æ—æ³°å·éµä¹‰æ±Ÿé—¨æ­é˜³èŠœæ¹–å•†ä¸˜è¿äº‘æ¸¯æ–°ä¹¡æ·®å®‰æ·„åšç»µé˜³èæ³½æ¼³å·å‘¨å£æ²§å·,"I am no longer attack, I know, when I am no longer hurt yourself, nobody can hurt me.",0,0,https://pbs.twimg.com/profile_images/1524923909241438230/Hlw_Lv5x_normal.jpg,2022-05-13 01:25:58+00:00
75,Rana29021389,æ¨ç‰¹åˆ·ç²‰-åˆ·ç²‰å¹³å°-æ¨ç‰¹ç²‰ä¸-insåˆ·ç²‰-YouTubeåˆ·ç²‰-ç”µæŠ¥æ‹‰äºº-ä¹°ç²‰ä¸ç‚¹èµ-å¡å¡”å°”-ä¸–ç•Œæ¯,,0,1,https://pbs.twimg.com/profile_images/1595122362944409602/jTzsasqZ_normal.jpg,2022-05-29 17:20:53+00:00
76,Nicoll20411696,çˆ±æ¸¸æˆ å¼€äº‘ä½“è‚² äºšåšä½“è‚² æ¬§å® ç™¾å®¶ä¹ åä½“ä¼š ä¸‡åš 365ç½‘å€,,1,41,https://pbs.twimg.com/profile_images/1594966617544396801/cSDub3zy_normal.jpg,2016-11-30 16:31:57+00:00
77,uszumakiii,gustavo,Im kinda like a prettier jesus,793,341,https://pbs.twimg.com/profile_images/1594521351766802437/mvpAWCqj_normal.jpg,2021-12-06 00:57:07+00:00
78,TheAnimeTor1,The_Anime_Tor (ENVtuber),Hey there I'm Tor! I love to make new friends and have a lot of fun!!!,1356,2939,https://pbs.twimg.com/profile_images/1577076631935623169/YKND9YzR_normal.jpg,2019-08-21 04:48:18+00:00
79,AltavanoShirley,Shirley Altavano,jesus always with us,14,19,https://pbs.twimg.com/profile_images/1223668767093293061/e0SqJTlC_normal.jpg,2020-02-01 18:00:40+00:00
80,CareyAd39884695,å®Œç¾ä½“è‚² å…«æˆ’ä½“è‚² å¼€äº‘ä½“è‚² ä¸–ç•Œæ¯ è¶³çƒ å¡å¡”å°”ä¸–ç•Œæ¯ ç”µç« æ£‹ç‰Œ Cç½—,å®Œç¾ä½“è‚² https://t.co/JCEampIZiv  å…«æˆ’ä½“è‚² https://t.co/uLf0qX1iCT å¼€äº‘ä½“è‚² https://t.co/CyY55bldxK,6,0,https://pbs.twimg.com/profile_images/1595129087059697665/MZLHSWAk_normal.png,2022-07-18 11:25:13+00:00
81,danieI_main,DanielğŸŒ´,"Let love Lead ğŸ’ğŸ’«
10k??",7178,3155,https://pbs.twimg.com/profile_images/1588133389063913474/E_ZYCEH__normal.jpg,2020-08-02 10:17:59+00:00
82,CAMPFIREFRIEND,G.ğŸ¥©ğŸ§¡ ( -_â€¢)â•¦ÌµÌµÌ¿â•¤â”€,âš ï¸â˜€ï¸ SUNNY SUMMER GUY. â˜€ï¸âš ï¸ /// ğŸš§ ISTP 6w5. ğŸš§,70,140,https://pbs.twimg.com/profile_images/1595135181442236418/eH7JlXa__normal.jpg,2021-11-26 01:35:02+00:00
83,arifop07,å¼€äº‘ä½“è‚² ç«ç‹ä½“è‚² ä¸–ç•Œæ¯ å¡å¡”å°”ä¸–ç•Œæ¯ ä¹°çƒ è¶³çƒ ç”µç« è¶³çƒæŠ•æ³¨ NBA ä½“è‚² kaiyun,å¼€äº‘ä½“è‚² https://t.co/dWZ2li2721 ç«ç‹ä½“è‚² https://t.co/E03W9n6nKF,0,3,https://pbs.twimg.com/profile_images/1575025388363063297/3Fr1xuzq_normal.jpg,2021-07-21 14:57:48+00:00
84,lozplyr89,lozplyr89,"22 year old Speedrunner and Twitch Affiliate.

private: @lozplyr     
Discord for my Twitch Community: https://t.co/kXev6nJd9l",172,691,https://pbs.twimg.com/profile_images/1587507746147954688/O5msxWKW_normal.jpg,2012-04-21 14:29:10+00:00
85,Pimu_0504,ãƒ”ãƒ ,20â¬†ï¸,62,1143,https://pbs.twimg.com/profile_images/1479929532669136896/iv_emWlj_normal.jpg,2017-03-16 09:31:55+00:00
86,eoda_110,It's Eoda | ğŸ“Œ Commission open,"18â†‘| ğŸ•˜ğŸŒˆ | ğŸ–‹ğŸ”ªğŸ¾ğŸµğŸ•ŠğŸğŸš¨ |
I draw fanart and OCs |
I rt arts with blood",65,297,https://pbs.twimg.com/profile_images/1576774802425073664/GkQ1HfCJ_normal.jpg,2020-11-18 09:29:40+00:00
87,papas2550,Noah,ğŸ–‹ğŸ’™ your local quilldren,3,140,https://pbs.twimg.com/profile_images/1580260655520677912/PyRFm749_normal.jpg,2020-03-05 19:51:41+00:00
88,CrystalToynbee,æˆéƒ½-é‡åº†-æ­å·-è¥¿å®‰-æ­¦æ±‰-è‹å·-éƒ‘å·-å—äº¬-å¤©æ´¥-é•¿æ²™-ä¸œè-å®æ³¢-ä½›å±±-åˆè‚¥-é’å²›,"Care + greeting = Angle of blessing, corner of blessing is not less, deeply friendship can represent.",163,386,https://pbs.twimg.com/profile_images/1530579492485443585/QdIpnWhr_normal.jpg,2022-05-28 15:59:09+00:00
89,Someguyexisting,HumanBean,,0,4,https://pbs.twimg.com/profile_images/1144438439296868353/bG7YWOLE_normal.jpg,2017-12-19 18:38:33+00:00
90,JamaicanMaroonX,Francis Ngannoumedov,"ğŸ‡¯ğŸ‡²PanAfricanism or Perish ğŸŸ¥â¬›ğŸŸ©ğŸ¦â™Œ
#PanAfrican
 #AfCFTA

follow my alt @gazamancrazy93",2735,1214,https://pbs.twimg.com/profile_images/1485675449464369153/iqI-0xZA_normal.jpg,2020-07-10 11:17:53+00:00
91,OhRoyalTwo,Queenie,Fed up of people's misconceptions of what's really going on. How blind can you be!! RT/follows are not an endorsement,336,665,https://pbs.twimg.com/profile_images/1568346265741672448/Qzrqspvw_normal.jpg,2010-12-09 17:12:30+00:00
92,7onlyPinkKumaku,only Pinkğ“†ğ“‚‚,ğ“‚ƒğ“‚ƒğ“Šğ“„¹ğ“„ºğ“‚ƒà¸­à¸¢à¹ˆà¸²à¸à¸¶à¹ˆà¸‡à¸•à¸²à¸¢à¸£à¸­à¸à¸”à¸¥à¸°à¸¡à¸¸à¸”à¸à¹ˆà¸­à¸™ ğ“‚‚ğ“¸ ğ“†Ÿ à¸£à¸µLeak à¹„à¸¡à¹ˆà¸•à¹‰à¸­à¸‡à¸Ÿà¸­à¸¥ à¸ªà¸¥à¸´à¹ˆà¸¡à¸à¸µà¹ˆà¸•à¸´à¹Šà¸ğ“‡¼ ï¾Ÿğ“ˆ’3oO % ğ“‚‚ğ“‚‚INTJğ“‚‚ğ“‚‚ğ“¸18y up(âÂ´â–½`â) make friends DMà¥±à¬³Í˜ AR.â‘¤â‘¨/â‘¤â‘¨ Ù©(*â€¢Íˆ ê‡´ â€¢Íˆ*)Ùˆ,31,81,https://pbs.twimg.com/profile_images/1594462729817165824/5Il478Rc_normal.jpg,2022-07-13 14:46:54+00:00
93,lauthing_jack,LaughingJack,"Hey, put on a happy faceğŸŒš
Then everything's okayğŸŒœ
Put on a happy faceğŸŒ
Then let's play :)ğŸŒ›
WELLCOME, WELLCOME TO MY CIRCUS GAME!ğŸªğŸˆğŸ¤¡
He/Him
Demoninthebox",24,127,https://pbs.twimg.com/profile_images/1590605564966576128/JNfUv7-7_normal.jpg,2022-11-10 07:20:40+00:00
94,CareBear_Kara,Alien Superstar Can't Love You In The Dark ğŸ‘½ğŸŒ‘âœ¨ğŸ’”,"â€œLifeâ€™s most precious moments are not all loud or uproarious. Silence and stillness has its own virtues.â€ â€• Kilroy J. Oldster, Dead Toad Scrolls",834,3875,https://pbs.twimg.com/profile_images/1587467611591348224/CZysCC2w_normal.jpg,2011-03-13 19:13:13+00:00
95,maloner19y,Â°~T H E W O L F C A T~Â°,"Bro, estÃ¡s enfermo pero nadie deberÃ­a juzgarte; todos lo estÃ¡mos.

ğŸ³ï¸â€ğŸŒˆâ™‚ï¸ | CONTENIDO ğŸ—ƒï¸+ğŸ”ğŸ¤³ğŸ»

ğŸ¦‚â™ ğŸ”¥ğŸ«£ 
Anime BL y demÃ¡s.",67,334,https://pbs.twimg.com/profile_images/1594919397264703489/CdBKDH9I_normal.jpg,2016-01-22 19:33:23+00:00
96,howell_tab,å—äº¬-å¤©æ´¥-é•¿æ²™-æˆéƒ½-é‡åº†-æ­å·-è¥¿å®‰-æ­¦æ±‰-è‹å·-éƒ‘å·-ä¸œè-å®æ³¢-ä½›å±±-åˆè‚¥-é’å²›,"Whenever hear someone mention love, will be thinking of you, because I like your love.",0,0,https://pbs.twimg.com/profile_images/1508671679358279684/xUlUzuOm_normal.jpg,2022-03-29 05:05:21+00:00
97,dunbar_mignon,å®Œç¾ä½“è‚² å…«æˆ’ä½“è‚² å¼€äº‘ä½“è‚² ä¸–ç•Œæ¯ è¶³çƒ å¡å¡”å°”ä¸–ç•Œæ¯ ç”µç« æ£‹ç‰Œ Cç½—,å®Œç¾ä½“è‚² https://t.co/e69qgz1TcM  å…«æˆ’ä½“è‚² https://t.co/mfgiNxgVYq å¼€äº‘ä½“è‚² https://t.co/xz4SxRFLLo,13,0,https://abs.twimg.com/sticky/default_profile_images/default_profile_normal.png,2022-06-28 22:24:41+00:00
98,xNickVee,NickVee,"ğŸ‡³ğŸ‡±ğŸ‡¬ğŸ‡§ DBFZ, MBTL & future Project L Commentator
Video editor for @Reversal_gg
GFX design for KOMET
MBTL Wanted Host for @zDamascus

DM for business enquiries",427,260,https://pbs.twimg.com/profile_images/1592576773409185796/O1Z5x6Hl_normal.jpg,2016-03-03 22:11:49+00:00
99,alenamarceauu,lenaaağŸ–¤,IG @lenaxsavage,610,342,https://pbs.twimg.com/profile_images/1396827765727506439/UFchSYQW_normal.jpg,2014-04-12 16:24:30+00:00
100,DinisPeixoto1,Denis,Ig: _.bigodes_,291,259,https://pbs.twimg.com/profile_images/1578392908167790592/rD2t35Jh_normal.jpg,2020-02-25 15:40:50+00:00
101,AlfredG67252107,çº¿ä¸‹ ä¸Š é—¨ å˜‰å…´å¾å·å—é€šå¤ªè¿œä¿å®šç æµ·ä¸­å±±å…°å·ä¸´æ²‚æ½åŠçƒŸå°ç»å…´æ˜†æ˜æ²ˆé˜³æµå—å¦é—¨ç¦å·æ³‰å·é•¿æ˜¥,"Burst out of the too long depressed mood suddenly, at this time I cry like a child",0,0,https://pbs.twimg.com/profile_images/1524569685848911872/T23vo_Ze_normal.jpg,2022-05-12 01:58:21+00:00
102,ArmenMinasian3,Armen Minasian,,9,118,https://abs.twimg.com/sticky/default_profile_images/default_profile_normal.png,2020-10-03 21:42:53+00:00
103,catushki,caatalina,demasiado libra y swiftie,71,70,https://pbs.twimg.com/profile_images/1491227253702750209/E1TJF-XX_normal.jpg,2017-03-11 18:18:14+00:00
104,Ricoswabbie,Rico hates trumplicansğŸŒŠâš“ğŸ´â€â˜ ï¸ Fuk the Loonies,"Vietnam vet, Bos'n, USN, Brockton,Ma. native. Independent, Climate change is real, Go Joe, Go fuk yourself Putin, I follow all sane peeps & Vets,  NO MESSAGES",5854,5851,https://pbs.twimg.com/profile_images/1488228250320969732/VRdTt--6_normal.jpg,2020-04-21 11:25:10+00:00
105,LeifKingsley,æ˜†æ˜-æ²ˆé˜³-æµå—-æ— é”¡-å¦é—¨-ç¦å·-å“ˆå°”æ»¨-å¤§è¿-çŸ³å®¶åº„-é•¿æ˜¥-å…°å·-ç æµ·-ä¸­å±±-æ½åŠ-çƒŸå°,"Thought you will tell me after you left, my love, at least give you some happiness.",0,0,https://pbs.twimg.com/profile_images/1508660185061068804/8LqwrD9J_normal.jpg,2022-03-29 04:19:46+00:00
106,TommytheLee25,LittleRain25,"just your average guy who loves vtubers, apex, and geology",84,773,https://pbs.twimg.com/profile_images/1472983436084363271/hBGbEFuu_normal.jpg,2018-03-30 03:01:37+00:00
107,AdeoluEmperor,Mayor of Westeros,cool & calm somebodyğŸ˜ğŸ˜|| Arsenal âš½â¤,1366,1678,https://pbs.twimg.com/profile_images/1342734504247627776/Cit1N-D3_normal.jpg,2018-08-11 00:11:55+00:00
108,NevadeanPride_X,â„ğ•–ğ•šğ•¤ğ•¥ & â„‚ğ• .,"I'm Heist, Heist the Half-Hedgehog! He/Him | 19 | Bi & Autistic | Gamer ğŸ® | @SonicStarGenieğŸ§¡ğŸ’–ğŸ’œ | Digital Artist âœï¸ | PFP:@Toxic_Asylum",2029,1796,https://pbs.twimg.com/profile_images/1594675423400677376/BmyhI7Hj_normal.jpg,2021-05-18 16:01:53+00:00
109,ComicBook,ComicBook.com,Your go-to source for geek news â• @PhaseZeroCB @comicbooknation @PokemonPodCB @WWG @comicbookanime @NewsOfTheDead @ComicBookNOW,350666,316,https://pbs.twimg.com/profile_images/1577295799536549889/onoP4nIO_normal.png,2009-03-02 14:50:43+00:00
110,Latum_PT,Atimon.TPeem,Peem| 25^| Cosplay | Draw FA pkm niji /OC | Health balance lifeğŸŒŸ| âœ’ï¸ğŸ’™ | BME @ Rama Hospital. | IG : atimon.t,656,2079,https://pbs.twimg.com/profile_images/1590731033644654592/y6Jy1CfN_normal.jpg,2014-08-01 13:48:39+00:00
111,comicbookanime,Anime On ComicBook.com,"Giving you a fix of all things anime, manga, and more all from @comicbook!",19517,30,https://pbs.twimg.com/profile_images/1577109904632029184/q3zcBvcH_normal.jpg,2017-11-20 23:06:14+00:00
112,C_S_Skeptic,CommonSenseSkeptic,"A YouTube channel reminding people how important critical-thinking skills are, at a time when some common sense is desperately needed.",5131,1809,https://pbs.twimg.com/profile_images/1543288238764281857/EYzO89ZJ_normal.jpg,2021-02-14 07:05:47+00:00
113,Anikesh28456762,Anikesh raj,Human.,4,187,https://pbs.twimg.com/profile_images/1460274014664871944/FhpHnYb5_normal.jpg,2021-11-15 15:50:30+00:00
114,JoshMonday12,joshmonday,cool,554,2472,https://pbs.twimg.com/profile_images/1541882665242173440/4Lzj0SP3_normal.jpg,2020-03-06 21:09:19+00:00
115,Ramchandrakris1,äºšåšä½“è‚² ä¹é±¼ä½“è‚² åšé±¼ä½“è‚² ä¹åŠ¨ è¶³å½© äºšç¾ AGçœŸäºº åä½“ä¼š çˆ±æ¸¸æˆä½“è‚² å¡å¡”å°”,,1,2,https://pbs.twimg.com/profile_images/1594966561181278208/qi-0bnRP_normal.png,2016-11-26 19:43:23+00:00
116,Beautyfied1,Beautyfied,,7,37,https://pbs.twimg.com/profile_images/1590039829743640583/lJhhC6ab_normal.jpg,2022-10-30 10:03:40+00:00
117,jo_el52,JOâ€¢EL,Arsenal Lakers Accra Hearts of Oak Mesut Ã–zil LeBron James Kevin Hart Christian Straight Sarkodie,655,909,https://pbs.twimg.com/profile_images/1512396031895519232/WYUB9LHu_normal.jpg,2015-03-11 18:15:01+00:00
118,alatus_ara,wing yinğŸå³è© ,"#XIAO | ğŸ³ğŸ¦‰, ğŸ‘¹ğŸˆ³, ğŸŒ¸âš¡ï¸ | 21 ENG | ğŸ‡­ğŸ‡°ğŸ‡¨ğŸ‡¦ | genshin/league | anime + manga | #lightcannon âœ¨ï¸â˜„ï¸",63,948,https://pbs.twimg.com/profile_images/1551097236402192384/AJEFO-DK_normal.jpg,2019-08-02 16:41:46+00:00
119,CherylMackinto4,åŒ—äº¬/ä¸Šæµ·/å¹¿å·/æ·±åœ³/æˆéƒ½/é‡åº†/æ­å·/è¥¿å®‰/æ­¦æ±‰/è‹å·/éƒ‘å·/å—äº¬/å¤©æ´¥/é•¿æ²™/ä¸œè/å®æ³¢,"Fall into the pit to a gain in your wit, change the next job, priority should be to have a good boss, silly lifelike too chilling, no conscience.",0,0,https://pbs.twimg.com/profile_images/0/Af4DaOCT_normal.jpg,2022-03-29 04:24:59+00:00
120,murderh1ll,RJ,"AFC â€¢ 
ğŸ”´â˜€ï¸ğŸŸ¢ â€¢ 
music â€¢ your mumzy's arch ğŸ˜¹",32,125,https://pbs.twimg.com/profile_images/1578149203032801280/uwdGm0cR_normal.jpg,2022-04-02 21:31:49+00:00
121,staroftherogue,Capcom vs. Seal 2: Mammal of the Millennium,"marcy/marceline â€¢ they/she â€¢ 24 â€¢ pan/nbğŸ³â€âš§ â€¢ i love video games, i hope they love me back â€¢ ğŸ” not really NSFW but no minors ty â€¢ ğŸ¨@itstheJade",984,1274,https://pbs.twimg.com/profile_images/1593044835635789824/SldxefQ1_normal.jpg,2016-03-10 00:08:44+00:00
122,stariray1949,Ester Floria Solis,"Proud/happy Lola of my 7 treasures, thanks to my 3 kidsğŸ’– AND now a Great Grandma of our twins Angelo James & Aria Noelle ğŸ’",8089,679,https://pbs.twimg.com/profile_images/1317587437980250112/G-FXyV15_normal.png,2014-02-26 05:02:36+00:00
123,adair_ramsden,åŒåŸäº¤å‹çº¦å•ªå˜‰å…´å¾å·å—é€šå¤ªè¿œä¿å®šç æµ·ä¸­å±±å…°å·ä¸´æ²‚æ½åŠçƒŸå°ç»å…´æ˜†æ˜æ²ˆé˜³æµå—å¦é—¨ç¦å·é•¿æ˜¥æ³‰å·,"People who do not sleep at night, more or less during the day always have any escape to hide!",1,0,https://pbs.twimg.com/profile_images/1524829134509203458/GfNu0Op1_normal.jpg,2022-05-12 19:09:18+00:00
124,MeeNoruu,ä¸–ç•Œæ¯ç›´æ’­ ä¸–ç•Œæ¯èµ›ç¨‹ ä¸–ç•Œæ¯èµ”ç‡ ä¸–ç•Œæ¯æ¨è ä¸–ç•Œæ¯é¢„æµ‹ ä¸–ç•Œæ¯ä¹°çƒ ä¸–ç•Œæ¯èµŒçƒ,zenaba,2,2,https://pbs.twimg.com/profile_images/1594584127080058880/i35emTzC_normal.jpg,2020-07-09 06:48:51+00:00
125,Zebstrika4,RCK BTTM / HZ | Arhkma Muddykipz,"He/Him, TO for Oceanfront, Competitor in many games, sometimes Commentator. Content Creator on twitch and youtube. 
https://t.co/eNOprHivOCâ€¦ 

HotZelda",285,356,https://pbs.twimg.com/profile_images/1574837111068528646/jNv8UCDs_normal.jpg,2015-01-24 17:52:08+00:00
126,ahmadasghari5,å¼€äº‘ä½“è‚² USDT 365 è¶³çƒé¢„æµ‹ æ¯”åˆ†é¢„æµ‹ äºšåšä½“è‚² çš‡å† ä½“è‚² æ»šçƒ,,2,36,https://pbs.twimg.com/profile_images/1594966644899692544/iNessP-a_normal.jpg,2016-11-23 15:25:29+00:00
127,PollyWaters18,è´µé˜³-å—é€š-å¤ªè¿œ-ä¿å®š-ç æµ·-ä¸­å±±-ä¸´æ²‚-æ½åŠ-çƒŸå°-ç»å…´-æ˜†æ˜-æ²ˆé˜³-æµå—-æ— é”¡-å¦é—¨,"Care + greeting = Angle of blessing, corner of blessing is not less, deeply friendship can represent.",1,0,https://pbs.twimg.com/profile_images/1508648348915539972/BeKQHKCv_normal.jpg,2022-03-29 03:32:40+00:00
128,UlimateShadow,SmashMaster,"Emmanuel Rodriguez
19
Youtuber, Director, Animator, Artist, VA, College Student, Scientist of SM_714 Productions
Games/Animation in Dev.",229,1360,https://pbs.twimg.com/profile_images/1532137869845770240/a6py0vV1_normal.jpg,2015-02-17 02:27:09+00:00
129,LetsTokuBoutIt,im not gonna sugarcoat it â¡ï¸â†˜ï¸â¬‡ï¸â†™ï¸â¬…ï¸ğŸ…¿ï¸ğŸ§¸,"ainâ€™t nobody messinâ€™ with you, but you",39,153,https://pbs.twimg.com/profile_images/1585355918778171404/KTNTKRKk_normal.jpg,2022-03-12 22:50:52+00:00
130,BrookEffie,åŒåŸçº¦ ç‚®å’¸é˜³ç›åŸæµå®å°å·æµ·å£ä¹Œé²æœ¨é½æ´›é˜³å»ŠåŠæ±•å¤´æ¹–å·å‘¼å’Œæµ©ç‰¹æ‰¬å·èµ£å·é˜œé˜³å”å±±é•‡æ±Ÿé‚¯éƒ¸èµ„æº,"If heart ups and downs, smiling, please allow me to fall into your dreams.",0,0,https://pbs.twimg.com/profile_images/1508638720014299138/ei-EPKUv_normal.jpg,2022-03-29 02:54:24+00:00
131,BrianMo55877537,Â§Moss0214,"#bitcoin, #xyo ,#xrp  I also have a comfortable penis",428,1565,https://pbs.twimg.com/profile_images/1486805740845207552/oxrM3I9n_normal.jpg,2019-07-13 19:48:58+00:00
132,KellyHarte10,å®Œç¾ä½“è‚² å…«æˆ’ä½“è‚² å¼€äº‘ä½“è‚² ä¸–ç•Œæ¯ è¶³çƒ å¡å¡”å°”ä¸–ç•Œæ¯ ç”µç« æ£‹ç‰Œ Cç½—,å®Œç¾ä½“è‚² https://t.co/l354Uyq4Fu  å…«æˆ’ä½“è‚² https://t.co/hm6zbJoY4i å¼€äº‘ä½“è‚² https://t.co/SsToZY0Apm,10,0,https://abs.twimg.com/sticky/default_profile_images/default_profile_normal.png,2022-06-29 07:36:57+00:00
133,tervoooo,tervo,weekly jpeg recaps @ Page One | tribune of the ct plebs ğŸ›¸,3122,1071,https://pbs.twimg.com/profile_images/1592237990679658497/jrgJBgDD_normal.jpg,2020-12-08 06:12:15+00:00
134,vigilantelou,h â™¡ louis,âŒ— . . . angels fly lâ™¥ï¸vebâ™¥ï¸t !? any prns ?!,254,351,https://pbs.twimg.com/profile_images/1583775190361800705/_v0RhSAf_normal.jpg,2022-08-24 21:13:44+00:00
135,mo933933,åä½“ä¼šä½“è‚²/ä¹é±¼ä½“è‚²/å¤©åšä½“è‚²/çˆ±æ¸¸æˆä½“è‚²/æ¬§å®ä½“è‚²,,2,82,https://pbs.twimg.com/profile_images/1592918523713654785/GwFNzSxC_normal.jpg,2022-10-10 17:10:48+00:00
136,keithtate6003,KeithTate12,"Just an average artist.//cringe lord//An animator// 18 yrs old// I like FNAF// He/Him//

Switch Code: 8505-0194-5227",383,209,https://pbs.twimg.com/profile_images/1587549351554981888/dPRug0JA_normal.jpg,2017-03-27 05:19:33+00:00
137,Cynthia66435763,çƒŸå°-ç»å…´-å¤ªè¿œ-ä¿å®š-æ²ˆé˜³-ç æµ·-ä¸­å±±-ä¸´æ²‚-æ½åŠ-æµå—-æ— é”¡-å¦é—¨-è´µé˜³-å—é€š-æ˜†æ˜,"Don't understand me, please don't communicate with me!",0,0,https://pbs.twimg.com/profile_images/1508650632126898178/Q-y5nUxW_normal.jpg,2022-03-29 03:41:46+00:00
138,Kevinco36273615,Kevin cooper,,29,320,https://pbs.twimg.com/profile_images/415075021263212544/4L-TwsXM_normal.jpeg,2013-12-23 10:08:29+00:00
139,0xPunkHunter,Punkhunter.eth,Explorer of the metaverse. Purveyor of art and artist. Hunting for the next Picasso 50 years from now,3791,3764,https://pbs.twimg.com/profile_images/1590521409138470912/Qf0Wh3cD_normal.jpg,2021-09-24 07:25:46+00:00
140,Cryijpg,ğŸ”ªğŸ–¤,ğŸ©ğŸ”ª Dante | He/They| ğŸ¦‡ğŸ–¤ | Queer black transguy. Most fandom RTs ğŸ“â¤Other accs: @corroderes @cryijngğŸ•Šâš” Multishipper ğŸ‘“ğŸ© Not spoiler free!,3,152,https://pbs.twimg.com/profile_images/1482213082478911488/jjdRFE0R_normal.jpg,2021-01-08 01:48:13+00:00
141,CartoonGal1,ChelseatheCartoonGal,"Sup guys? Name's Chelsea. I'm 23. I watch, love and breathe cartoons. I dream of being an animator. I also draw, write fics and love reading comics and books :)",3612,1313,https://pbs.twimg.com/profile_images/1316252406385119232/XbItrECV_normal.jpg,2020-10-14 05:39:26+00:00
142,erneste24,Erny D ğŸ‡¨ğŸ‡«ğŸ‡·ğŸ‡¼,"The OSU Fisher of College. âš½ï¸soccer #3, family #2 God #1 . snapchat: erneste24 . https://t.co/REwt3q8qri  @arsenal",561,1963,https://pbs.twimg.com/profile_images/1482012658689884164/cno7IFcl_normal.jpg,2013-09-02 16:11:29+00:00
143,RlNALUV,mila,rinakins world domination | fan account,773,767,https://pbs.twimg.com/profile_images/1518367944828403712/OGsaTwp8_normal.jpg,2021-05-31 15:48:26+00:00
144,Heide91714966,ä¸Šæµ· åŒ—äº¬ å¤©æ´¥ æˆéƒ½ å¹¿å· æ·±åœ³ ä¸œè æµå— æ­å· é’å²› å¦é—¨ è‹å· é•¿æ²™ å—äº¬,"è´¦å·ç½‘å€ï¼šhttps://t.co/6DCjNZFclh
ç”µæŠ¥å®¢æœï¼šhttps://t.co/n09kvos2MM
QQå®¢æœï¼š86392294",1,2,https://pbs.twimg.com/profile_images/1587366450310045696/Ty9Y1_5t_normal.jpg,2022-06-14 17:44:01+00:00
145,ronniecash33,#TorontoBoyOfficial ğŸ‡ºğŸ‡¬ğŸ‡¨ğŸ‡¦,"Automative Engineer ,MusicPromoter @TribalEastEntertaiment  #YungTalentEnt #Fanatic @ArsenalFc
@RealMadrid

ronniecash33@gmail.com",3213,4968,https://pbs.twimg.com/profile_images/1593944227385413634/57rz-I-A_normal.jpg,2015-08-03 17:35:59+00:00
146,ValentineShell5,çº¿ä¸‹ ä¸Š é—¨ æ˜†æ˜æ²ˆé˜³æµå—æ— é”¡å¦é—¨ç¦å·æ¸©å·é‡‘åå“ˆå°”æ»¨å¤§è¿è´µé˜³å—å®æ³‰å·çŸ³å®¶åº„é•¿æ˜¥å—æ˜Œæƒ å·å¸¸å·,"This short life, we will eventually lose.",0,0,https://pbs.twimg.com/profile_images/1508646979047510020/P6z7rGNb_normal.jpg,2022-03-29 03:27:12+00:00
147,NoheliArias,noheli,usf ğŸ“š || â™‘ï¸,158,180,https://pbs.twimg.com/profile_images/1588654936480534529/hrzhRWr1_normal.jpg,2016-08-07 06:48:29+00:00
148,cream_cereal,ğŸ¶ğŸ¿FoilBubblesğŸ¿ğŸ¶,"If you want to know anything about me figure it out yourself || 17 || commissions open, paypal/kofi/venmo :Â·}",526,184,https://pbs.twimg.com/profile_images/1481803885392154630/J_Ybr3Ih_normal.jpg,2019-06-03 01:14:15+00:00
149,RurouniLoneWolf,My whole life was,"Hi, Rurouni Here. I RT a lot of art because I love art and I'm a fighting game player who REALLY loves the Blazblues, Skullgirls and Persona ^,^",433,1064,https://pbs.twimg.com/profile_images/1226578944201285634/6AeL41Ln_normal.jpg,2014-04-24 01:31:41+00:00
150,afraidofdrownin,afraidofdrowning,ğŸ§›ğŸ»â€â™‚ï¸ AFRAID ğŸ§›ğŸ»â€â™‚ï¸,225,24,https://pbs.twimg.com/profile_images/1463744122934681601/hyJNxYox_normal.jpg,2021-01-02 05:10:58+00:00
151,Ghouse0072,æ¨ç‰¹åˆ·ç²‰ä¸-æ˜†æ˜ ä¹æ±Ÿ æ¡‚æ— ä¸½æ±Ÿ æ³‰å· ä½›å±± ç æµ· ä¸œè åŒ—äº¬ ä¸Šæµ· å¹¿å· æ·±åœ³ ä¸‰äºš æµ·å£,10th pass,0,38,https://pbs.twimg.com/profile_images/1594950189264998401/53f6bm7x_normal.jpg,2021-02-11 07:54:12+00:00
152,thehind05730484,the hindu,,74,205,https://pbs.twimg.com/profile_images/1552787717343576065/d-RwKySk_normal.jpg,2022-07-28 22:29:44+00:00
153,RRamsawack,resha ramsawack,"If your rice is too wet, then you fuc*ed up",221,209,https://pbs.twimg.com/profile_images/1592999255421210626/7JqHEi2O_normal.jpg,2013-02-14 13:27:08+00:00
154,nale_tumi,my beauty TukurağŸ˜ğŸ¤¤?,iam me..I follow backğŸ˜˜,982,799,https://pbs.twimg.com/profile_images/1593176330970988544/fLGaS2aE_normal.jpg,2022-03-05 12:46:36+00:00
155,sjlhka,kris ğŸ˜¢,slayed my hacker ğŸ˜‹,23,218,https://pbs.twimg.com/profile_images/1561365323198222338/Y2HCsMVt_normal.png,2017-06-29 20:51:23+00:00
156,winniemwanyumba,WINNIEâšœï¸ğŸâš“ï¸,I just love my people and I will defend them when need be.,382,212,https://pbs.twimg.com/profile_images/1587031726315999235/_rV2bmUF_normal.jpg,2022-03-26 16:49:15+00:00
157,cunt2dmax,melOnie,CHAINSAWWWWW,30,32,https://pbs.twimg.com/profile_images/1592391388573929473/G8EystWl_normal.jpg,2021-07-29 04:47:39+00:00
158,FutureHereWeAre,Zageem,"So rad. -
Prince of Rage (I do not care if Prince is a male exclusive class) - Banner by @IndirectUltima",310,248,https://pbs.twimg.com/profile_images/1587669178873311234/0pG23wjs_normal.jpg,2020-06-26 07:11:28+00:00
159,7oncharii,Big 7,#COYG #HALAMADRID,1172,1058,https://pbs.twimg.com/profile_images/1594730186590883842/boKVYLlu_normal.jpg,2017-06-22 21:53:41+00:00
160,all_rounder_27,ä¸–ç•Œæ¯/å¤©åšä½“è‚²/çˆ±æ¸¸æˆ/åŠ æ‹¿å¤§28/å¡å¡”å°”ä¸–ç•Œæ¯,Alhamdulillah â¤ï¸,0,9,https://pbs.twimg.com/profile_images/1510888726058381312/8u8qCEDw_normal.jpg,2022-04-04 07:48:55+00:00
161,WilliamMackay4,William Mackay,#lyoness #mastercard #lyconet # #video #social #power #branding #mankindproject #brisbane #qldreds #leadership #pinterest #linkedin #twitter,34811,7716,https://pbs.twimg.com/profile_images/424100870976851968/HUOHoxIe_normal.jpeg,2012-04-10 09:28:53+00:00
162,iamshaarifkhan,shaarif khan,Director - DSH AGRO FOODS PVT LTD,165,589,https://pbs.twimg.com/profile_images/1427522510111744007/0MgPEAZf_normal.jpg,2010-03-20 14:27:24+00:00
163,itsfynegal,@Sheggs' godmother'ğŸš€ğŸ’¡âš½ï¸,,992,976,https://pbs.twimg.com/profile_images/1593339706187595776/T7kNoYlM_normal.jpg,2011-02-05 17:54:02+00:00
164,SNdjongolo,REDLINE WILL FALLÂ® ğŸ‡³ğŸ‡¦ ğŸ‡©ğŸ‡ª,"ğŸ‡³ğŸ‡¦| I support @NamCareerServic|Law student| @Arsenal| I get annoying when it comes to football| views are my own, else Blame the School |LegalTech |Consultant",2692,1733,https://pbs.twimg.com/profile_images/1590685214094888961/RX2Bjqrc_normal.jpg,2010-08-14 06:10:41+00:00
165,melomelojimano,MelğŸ—ï¸,Anipoke and Love Live person,177,398,https://pbs.twimg.com/profile_images/1581160053851103233/MPmduHW1_normal.jpg,2020-10-26 17:06:05+00:00
166,SpiidiOnNoita,TA | wauhti â„ï¸,"He/Him | 31 | Finnish competitive FG player which loves all kind of fighting games, JRPGs and traveling | FB/ASW/SNK FG enjoyer

FGC network: https://t.co/4BlDOkzjHl",3482,2079,https://pbs.twimg.com/profile_images/1567232190034894852/GEOgagBq_normal.jpg,2014-04-01 15:36:20+00:00
167,blackedissweet,ä¸–ç•Œæ¯èµ›ç¨‹ ä¸–ç•Œæ¯ç›´æ’­ ä¸–ç•Œæ¯èµ”ç‡ å¡å¡”å°”ä¸–ç•Œæ¯ ä¸–ç•Œæ¯æŠ•æ³¨ è¶³å½© ä¸–ç•Œæ¯é¢„æµ‹ ä¸–ç•Œæ¯ç«çŒœ,,0,6,https://pbs.twimg.com/profile_images/1593301662378168326/cK8F-Scn_normal.jpg,2014-04-15 06:39:44+00:00
168,reynaldofont,Reynaldo Fontanez,"Bleach Enthusiast.
Professional Weeb.
21.",6,96,https://pbs.twimg.com/profile_images/1581126137522126853/Jaerqo56_normal.jpg,2021-12-28 02:42:55+00:00
169,blitzsprite,blitzsprite,"24 | MBTL: Warc | i play fighting games, read visual novels, and complain all day",367,1861,https://pbs.twimg.com/profile_images/1589852895431868417/PFywL8zM_normal.jpg,2018-05-16 07:21:51+00:00
170,MaxwellTom18,è´µé˜³-å—é€š-å¤ªè¿œ-ä¿å®š-ç æµ·-ä¸­å±±-ä¸´æ²‚-æ½åŠ-çƒŸå°-ç»å…´-æ˜†æ˜-æ²ˆé˜³-æµå—-æ— é”¡-å¦é—¨,"Love is a kind of habit, you used to life with her, she used to have you in life.",0,0,https://pbs.twimg.com/profile_images/1508660735844528128/kMDyh9j3_normal.jpg,2022-03-29 04:21:57+00:00
171,Aadamxy,A r t h e r mâš¡,"Engr.ğŸ‘·â€â™‚ï¸ğŸ—ï¸ 

A R S E N A L",14543,8970,https://pbs.twimg.com/profile_images/1436969415262801921/YKiADw7i_normal.jpg,2012-02-19 19:17:29+00:00
172,Elisprii,Elispri,"Just Having Fun 

Here for the Art

https://t.co/zYCdSuC3w6

RingLeader at the worlds densest washing machine : Tungsten Dao ğŸ§Š",3624,2336,https://pbs.twimg.com/profile_images/1499113970946482186/PYrow9j__normal.jpg,2010-12-19 19:27:47+00:00
173,UPYOURARSENAL02,Merci Arsene ğŸ,Celebrating The Wonder That Is Sir Arsene WengerğŸ¤,1880,1545,https://pbs.twimg.com/profile_images/1542782559700107265/J9Mog72n_normal.jpg,2020-07-15 00:59:12+00:00
174,GenCrooked,"DR Syed Hussain Shah , DC","I am anti crooks and thugs ,   .#ÛÙ…_Ú†Ú¾ÛŒÙ†_Ú©Û’_Ù„ÛŒÙ†Ú¯Û’_Ø¢Ø²Ø§Ø¯ÛŒ",639,519,https://pbs.twimg.com/profile_images/1592555284815306756/mHY76Z1H_normal.jpg,2022-04-22 15:10:25+00:00
175,JaIjayyo,Ig Ò‰r,Jaljayo Good Night,1048,621,https://pbs.twimg.com/profile_images/1576372219239956482/YihJlBFD_normal.jpg,2020-06-03 06:10:14+00:00
176,ArsenalArse1,Depression ARSENAL,Watching Arsenal women only,2194,2032,https://pbs.twimg.com/profile_images/1434869557953540103/ICUDiDgw_normal.jpg,2021-09-06 13:21:58+00:00
177,Saran06264510,å¼€äº‘ä½“è‚² ç«ç‹ä½“è‚² ä¸–ç•Œæ¯ ä¸–ç•Œæ¯æŠ•æ³¨ ä¸–ç•Œæ¯ä¹°çƒ ä¸–ç•Œæ¯ç«çŒœ ä¸–ç•Œæ¯å½©ç¥¨,å¼€äº‘ä½“è‚² https://t.co/QDPGz3naGW ç«ç‹ä½“è‚² https://t.co/wa8Y7PpKUk BOBä½“è‚² https://t.co/2U56unH1mK,1,2,https://abs.twimg.com/sticky/default_profile_images/default_profile_normal.png,2022-04-28 21:47:23+00:00
178,SamSossa1,...,freelance Videographer ğŸ¥ ğŸ“London.,243,250,https://pbs.twimg.com/profile_images/1126598237580926980/KXJwiT7Z_normal.jpg,2010-08-26 23:49:35+00:00
179,ParodyArsenal,Parody Arsenal,Don't take me serious I beg you,1772,1698,https://pbs.twimg.com/profile_images/1434889636669689857/srsAyEYZ_normal.jpg,2021-09-06 14:38:44+00:00
180,missedith01,This Is My No ğŸ•·ï¸ğŸ¦•,Astronaut/lion tamer. Mainly interested in books and women.,762,2521,https://pbs.twimg.com/profile_images/1286399691140354048/I6LHylCe_normal.jpg,2009-04-23 20:17:21+00:00
181,quyabya,Byachiki,,21,15,https://pbs.twimg.com/profile_images/1570302297816678401/JgtYjvIR_normal.jpg,2022-06-26 12:28:34+00:00
182,Iam_rezzi,Rezzi,Never Put Off To Later What You Can Do Now .,164,474,https://pbs.twimg.com/profile_images/1293074892435402752/b6yxcLzG_normal.jpg,2012-08-20 21:43:54+00:00
183,Entar0_Adun,Entar0_ ğŸ”œ ???,(New Account) Nebraska Content Creator w/ caffeine addiction. FGC/Other projects. Business inquiries - entar0_adun@outlook.com,85,203,https://pbs.twimg.com/profile_images/1545499097074909184/nsOupYll_normal.jpg,2022-05-02 15:27:32+00:00
184,dehrasylum,ğŸŒ™ Coms Open || Depressed in Tamriel âœ¨,"| Kiima Dehray || Ger/Eng || Ace | ğŸŒ™

Byelingual is my destiny âœ¨ 16+ Contentâ—

Coms:âŒ Trades:âŒ RQ:âŒ

ğŸ’™ addicted of blue things ğŸ’™",254,264,https://pbs.twimg.com/profile_images/1591397157491310592/ZRvPL3qS_normal.jpg,2014-10-02 13:07:48+00:00
185,missedith01,This Is My No ğŸ•·ï¸ğŸ¦•,Astronaut/lion tamer. Mainly interested in books and women.,762,2521,https://pbs.twimg.com/profile_images/1286399691140354048/I6LHylCe_normal.jpg,2009-04-23 20:17:21+00:00
186,UPYOURARSENAL04,UpYourArsenalğŸ”´âšªğŸ”´âšªâ™¥ï¸,Cooking The Arsenal Propaganda Night & Day/ Pancake Enthusiast.,40325,12369,https://pbs.twimg.com/profile_images/1370335529506594817/gS9mX8oY_normal.jpg,2019-09-19 15:15:31+00:00
187,Mushyru,Mushy âœ¨,19 | she/her ğŸŒ»  â€”  ISFJ ğ–§§  esp/eng ê’± ğŸ” no minors,7,103,https://pbs.twimg.com/profile_images/1525976355988332544/ixkSKUZv_normal.jpg,2021-08-22 22:34:10+00:00
188,UPYOURARSENAL04,UpYourArsenalğŸ”´âšªğŸ”´âšªâ™¥ï¸,Cooking The Arsenal Propaganda Night & Day/ Pancake Enthusiast.,40325,12369,https://pbs.twimg.com/profile_images/1370335529506594817/gS9mX8oY_normal.jpg,2019-09-19 15:15:31+00:00
189,SherazAhmad04,Sheraz Ahmad ğŸ‡µğŸ‡°â¤ï¸ğŸ‡´ğŸ‡²,â¤ï¸Loyalty Pakistan ğŸ‡µğŸ‡°â¤ï¸,2895,2408,https://pbs.twimg.com/profile_images/1550784675601420288/t-eegKBF_normal.jpg,2022-04-12 11:16:49+00:00
190,karappo_sakana,ğŸ•¯,"ï¼è¢«å‹•ç¤¾äº¤ä»”ä¸æ‡‚æ¨ç‰¹äº¤å‹åœˆä¹Ÿä¸å¤ªæ•¢ç•™è¨€ï¼Œæ˜¯å€‹æ…«åŒ…
ï¼an introvert whos having trouble ab comments/reply and make friends
 
ğŸ‡¹ğŸ‡¼ï½œChineseğŸ‘ŒEnglish & Japanese ğŸ¤ï½œã‚µãƒ–å¢â†’@emptyfish_ï½œç„¡è¨€ãƒ•ã‚©ãƒ­ãƒ¼å¤±ç¤¼ã—ã¾ã™",81,389,https://pbs.twimg.com/profile_images/1525810490445733888/GJQD7Mzb_normal.jpg,2016-10-08 03:58:55+00:00
191,Owl_Culture,Culture Owl,what is culture.,3486,2452,https://pbs.twimg.com/profile_images/1578171862869221384/WIzKJsF5_normal.jpg,2015-12-10 09:44:10+00:00
192,EldritchMSPaint,Marionella Ulfrich,"My author: @MagicaJaphet // A living scrapbook with the morals of a human.
DM me questions or respond to my pinned tweet for answers in the form of drawings!",4,1,https://pbs.twimg.com/profile_images/1591712011083300865/t1GTz67l_normal.jpg,2022-11-13 08:29:52+00:00
193,dryden_webb,å¹¿å·/æ·±åœ³/æˆéƒ½/é‡åº†/æ­å·/è¥¿å®‰/æ­¦æ±‰/è‹å·/éƒ‘å·/å—äº¬/å¤©æ´¥/é•¿æ²™/ä¸œè/å®æ³¢/ä½›å±±/åˆè‚¥,?,0,0,https://pbs.twimg.com/profile_images/1508663177835433987/rcesPT6h_normal.jpg,2022-03-29 04:31:39+00:00
194,tinyhazelnut,å½©ç¥¨/ç”µå­/æ£‹ç‰Œ/è¶³å½©/åŠ æ‹¿å¤§28/æ—¶æ—¶å½©/åˆ†åˆ†å½©/å¹¸è¿é£è‰‡/æ¾³æ´²5,,1,5,https://pbs.twimg.com/profile_images/1592992952661512192/m82Tuwlg_normal.jpg,2022-10-17 16:46:41+00:00
195,princesspandy87,ğŸ–¤ğŸ‘‘Princess PandyğŸª·ğŸ–¤,"Leave me lost in my dreams. 
Taken
DO NOT FUCKING DM ME
#LVRaiders
https://t.co/9upTpNLGlg
https://t.co/jyynwymUtE",4612,1178,https://pbs.twimg.com/profile_images/1594590282644803584/1qVtWkIa_normal.jpg,2017-09-24 06:02:00+00:00
196,TrevorBlade_,"Trevor Blade, Tired Idiot","I'm Trevor Blade! Artist, Gamer, Writer, Fallen Angel, Chaotic-Innocent. I attempt Art, Animations, Streams and Let's Plays *Warning: Ecchi Content*",153,313,https://pbs.twimg.com/profile_images/1390004065598332942/izuZUS9B_normal.jpg,2009-11-19 01:47:58+00:00
197,Fefi44926019,Mariaâ¤ï¸mphoğŸ”¥,I have found my inner peace,506,595,https://pbs.twimg.com/profile_images/1552848827618566144/WAILZsto_normal.jpg,2019-05-12 12:58:59+00:00
198,pflanzenfae,frog man,personal acct / where i follow streamers and ccs,5,91,https://pbs.twimg.com/profile_images/1396216410104270850/50YOzFGL_normal.jpg,2021-05-22 21:23:02+00:00
199,schroedern62,Nancy Schroeder,,20,33,https://abs.twimg.com/sticky/default_profile_images/default_profile_normal.png,2014-08-13 17:04:13+00:00
200,tahmine_13,å¼€äº‘ä½“è‚² ç°é‡‘ç½‘å€ äºšåšä½“è‚² çš‡å†  æ¬§å® ç™¾å®¶ä¹ PC28 AGçœŸäººä¹é±¼ æ£‹ç‰Œ,,5,2,https://pbs.twimg.com/profile_images/1594967031471816704/66950n40_normal.jpg,2015-11-18 13:15:58+00:00
201,sephiroodle,ğŸ•+|Pizza Slut|+ğŸ•,"ğŸ—¡+|Seph|+ğŸ—¡+|He/Him|+ğŸ—¡+|25|+ğŸ—¡+|Carrd:|+ğŸ—¡
+|FFVII â˜„ï¸, Devil May Cry ğ“„‹|+
+|+ğŸ”âš”NSFW/Spardacestâš”ğŸ”+|+",5,49,https://pbs.twimg.com/profile_images/1594293694219563009/D_10kDc3_normal.jpg,2022-11-20 11:32:50+00:00
202,ThorndikeMonroe,ä¸Š é—¨ ä¿¡é˜³è¡¡é˜³æ¹›æ±Ÿä¸‰äºšä¸Šé¥¶é‚¢å°è†ç”°æŸ³å·å®¿è¿ä¹æ±Ÿè¥„é˜³é©»é©¬åº—å®œæ˜Œå²³é˜³è‚‡åº†æ»å·å¨æµ·å¾·å·,"Learn to talk less and listen more, don't say things that don't understand, clear and know a little thing, don't let your casual words and let people hate.",0,0,https://pbs.twimg.com/profile_images/1524808299572510722/1IsgVTM7_normal.jpg,2022-05-12 17:46:37+00:00
203,ceoykyb,8 æ³½èŠœå›,"if i make a mistake in eng, please don't correct me i have no respect for this language",330,33,https://pbs.twimg.com/profile_images/1593711982766526465/ACmml7mV_normal.jpg,2020-07-09 19:03:19+00:00
204,NAMESZS,Aku no,"{ I Am Me And You Are You }ğŸ‘‘â€œTo Love Ruâ€, â€œMonster Musumeâ€,â€Fate Stayâ€â€œBlack Cloverâ€ ğŸ”®Life LOVE Games,Music #ANIME #MANGA But Iâ€™m Picky",114,1311,https://pbs.twimg.com/profile_images/1563759383208755201/IoNKlLlJ_normal.jpg,2014-08-12 15:25:37+00:00
205,AVAM1362,åˆ€å¡”2/NBA/CSGO/DOTA2/ç‹è€…è£è€€/LPL/è‹±é›„è”ç›Ÿ/LOL/é›·ç«ç”µç«/ç«æŠ€å®/æ²™å·´ä½“è‚²,,0,8,https://pbs.twimg.com/profile_images/1592996295475601408/xArxLUer_normal.jpg,2022-10-19 08:53:52+00:00
206,Zeamays69,Meri ğŸ‘‹ğŸ¼,Mostly just here for the fanarts. Love #FateSeries #FateGrandOrder (NA only) #GenshinImpact (EU) #HI3rd | Enjoyer of @Aimer_and_staff's music | Carpe vinumğŸ·,436,716,https://pbs.twimg.com/profile_images/1583294253937090561/tEYSZ0lV_normal.jpg,2020-11-10 16:31:42+00:00
207,godcomplexqueen,the only blonde in the midwest,super funny & sexy & humble. (she/her) â˜…,1001,715,https://pbs.twimg.com/profile_images/1571539366589222914/B2ImWjRQ_normal.jpg,2019-03-08 20:55:13+00:00
208,VTuberEllie,Ellie || Catgirl VTuber âœ¨,21 || Bi ğŸ³ï¸â€ğŸŒˆ || Any || Alt: @LewdEllieVT || Art: #EllieNyart/#LewdNyart || pfp: @DerpPigeon || Model: @SamaLilia ; Rig: @HoracchiVT,1591,1594,https://pbs.twimg.com/profile_images/1569076109475545088/cSNFWQ0w_normal.jpg,2012-09-13 02:09:44+00:00
209,deku_rrj,ğŸ“Dekuâ€¢Night Shift Berryâ€¢,Stan Accountâ€¢Animeâ€¢Stellâ€¢Mahalimaâ€¢BPO,962,1261,https://pbs.twimg.com/profile_images/1594332592140353537/Jga2gRQE_normal.jpg,2022-02-04 21:32:48+00:00
210,ellen_marico,AG/çœŸäºº/ç™¾å®¶ä¹/ä¸–ç•Œ/å¼€äº‘ä½“è‚²/æ¬§å† /æ¬§è”/NBA/ä¸–ç•Œæ¯/ä¸–ç•Œæ¯ä¸‹æ³¨/ç‚¸é‡‘èŠ±/å½©ç¥¨/äº”å¤§è”èµ›,"KBä½“è‚²https://t.co/hyLNQqaPvd
å…«æˆ’https://t.co/CGESqKzQx4
RORä½“è‚²https://t.co/FVnRGHLFGt
TVTä½“è‚²      https://t.co/tw6Ck26k5C
å¹»å½±ä½“è‚²    http://uz5O91eL.bhrmlwu.c",74,0,https://pbs.twimg.com/profile_images/1542214864734605312/mIB0AuT2_normal.jpg,2022-06-29 18:33:59+00:00
211,TimberBams,â„“Î±âˆ‚Ñƒ Ğ²Î±Ğ¼Ñ•â„â¤ï¸â€ğŸ”¥ğŸâ™‹ï¸â„¢,"Î¹ Î±Ğ¼ ÊÏ…Ñ•Ñ‚ Î± Ğ²Î±Â¢ÏƒĞ¸ Ï‰ÑÎ±ÏÏÑ”âˆ‚ gÑÎ¹â„“â„“Ñ”âˆ‚ Â¢Ğ½Ñ”Ñ”Ñ•Ñ” Ğ¼Î±Ñ•qÏ…Ñ”ÑÎ±âˆ‚Î¹Ğ¸g Î±ÑÏƒÏ…Ğ¸âˆ‚ Î±Ñ• Î± â„“Î±âˆ‚Ñƒ â¤ï¸â€ğŸ”¥ğŸ

Ñ‚Î±Ñ•ğŸ¦–
Ñ”ÑƒÑ”Ñ• â„“Î¹ĞºÑ” ÑÑ”Ñ”Ñ•Ñ”'Ñ• ğŸ¤
Â¢ÑƒĞ²ÏƒÑg
ÏÎ¹zzÎ± qÏ…Ñ”Ñ”Ğ¸
 @whatyadrinking_ Î¹Ñ• Ğ¼y ğŸ¯ğŸ",14833,6107,https://pbs.twimg.com/profile_images/1594802531443548171/5tzshGJ__normal.jpg,2011-02-21 20:27:36+00:00
212,IanJBattaglia,ã‚¤ã‚¢ãƒ³,"Writer â€¢ RÅnin â€¢ Philomath | Words in @InputMag, @LAReviewofBooks, @Chicago_Reader, @KenyonReviewÂ | Editor @ChicagoRevBooks, @tofugu | #merveillesÂ | æ—¥æœ¬èªOKï¼",899,734,https://pbs.twimg.com/profile_images/1249814486661369864/E6Rg6_I2_normal.jpg,2011-02-11 04:04:21+00:00
213,MiguelAVazG,Miguel A. Vazquez G.,,109,449,https://pbs.twimg.com/profile_images/1468980023566778371/MDkppam8_normal.jpg,2020-02-26 01:07:49+00:00
214,AugustineTracy3,å—äº¬-å¤©æ´¥-é•¿æ²™-æˆéƒ½-é‡åº†-æ­å·-è¥¿å®‰-æ­¦æ±‰-è‹å·-éƒ‘å·-ä¸œè-å®æ³¢-ä½›å±±-åˆè‚¥-é’å²›,"My uneasy heart the pear-tree fast, I dare not to think much, and hard to suppress fear of you.",1,0,https://pbs.twimg.com/profile_images/1508683650044657666/oI7rNG-5_normal.jpg,2022-03-29 05:52:53+00:00
215,QuippyWasTaken,"Quippy, Don of the Sinister Gay Cabal",Gay Internet Nerd | Fantasy Nerd | WoW RP - Epsilon and Discord | ğŸ” No Minors ğŸ” | ğŸ³ï¸â€ğŸŒˆ Gay Rights Bitch ğŸ³ï¸â€ğŸŒˆ | Hotel? Trivago.,525,354,https://pbs.twimg.com/profile_images/1550866528601399297/4c7uulLr_normal.jpg,2020-02-04 12:17:29+00:00
216,KhitaMewrilah,Khita,"Not special, Just weeb",8,164,https://pbs.twimg.com/profile_images/1592251226640461824/HaS9cmn5_normal.png,2021-12-20 04:04:36+00:00
217,setu1909,Flo,,43,80,https://pbs.twimg.com/profile_images/1592195898842484736/WdweL1-6_normal.jpg,2011-11-29 10:40:26+00:00
218,OT7forever_evr,kikikowwrollğŸ’œ_ DreamersğŸ’­ by Googie,"#ë°©íƒ„ì†Œë…„ë‹¨ #ì•„ë¯¸
@BTS_twt

#DreamersbyJungkook out nowâ¬‡ï¸",147,369,https://pbs.twimg.com/profile_images/1594429547810021376/N2XrMmm0_normal.jpg,2020-09-01 10:27:38+00:00
219,meolamaru,whoboro,bad melty player who just wants more sleep | uboro,570,1129,https://pbs.twimg.com/profile_images/1483118791374553092/U6U3hJtY_normal.jpg,2016-12-19 12:01:10+00:00
220,braniganraniero,æ¨ç‰¹åˆ·ç²‰,"è‡ªåŠ©ä¸‹å• https://t.co/oma32SdmM2
æ¨ç‰¹-è„¸ä¹¦-ins-tiktok-æ²¹ç®¡-ç”µæŠ¥-disocord
#æ¨ç‰¹åˆ·ç²‰ #æ¨ç‰¹ç²‰ä¸ #æ¨ç‰¹ä¹°ç²‰ #ç‚¹èµ #æ¶¨ç²‰ #å¢ç²‰ #æ¨ç‰¹åˆ·èµ #æ¨ç‰¹ä¹°èµ #æ¨ç‰¹è´¦å·
è”ç³» qq 1878303305
è”ç³»ç”µæŠ¥ https://t.co/EaPc0Scwqq",1,0,https://pbs.twimg.com/profile_images/1593643061296640007/Wxf6a2dx_normal.jpg,2016-02-17 14:13:57+00:00
221,The_Beach_Life_,Beach & Blockchain,"Enjoy scuba diving, snorkeling, kayaking & life in the #FloridaKeys. 
Interested in the emerging #Blockchain/#Cryptocurrency technology.",3316,1999,https://pbs.twimg.com/profile_images/1491495338531823624/3Z7oAjmU_normal.jpg,2014-08-25 19:59:41+00:00
222,EmilyAldington,è‹å·-éƒ‘å·-ä¸œè-å—äº¬-å¤©æ´¥-é•¿æ²™-ä½›å±±-åˆè‚¥-é’å²›-æˆéƒ½-é‡åº†-æ­å·-è¥¿å®‰-æ­¦æ±‰-å®æ³¢,"Neon lights busy the more see more sad, lonely in a few years, I still cannot read a future.",0,0,https://pbs.twimg.com/profile_images/1508669546487500804/I252caqd_normal.jpg,2022-03-29 04:56:53+00:00
223,phanpers,kris,"I am not heterosexual and I love dispensing mids.
they/them
phanpy#9235

@JunoVermillion is the coolest â™¡â™¡â™¡",147,90,https://pbs.twimg.com/profile_images/1590107825702846465/p5EBezaA_normal.jpg,2022-08-07 14:47:19+00:00
224,saintamourmi,Glyndwr Michael Fan,"ğŸ‡ºğŸ‡¦
#UkraineRussia #RussiaisaTerroristState",11590,11721,https://pbs.twimg.com/profile_images/1585403102450126848/kLkSz-xK_normal.jpg,2017-09-25 17:48:42+00:00
225,capedwraith,Ben | allez les bleus ğŸ‡«ğŸ‡·,You just gotta keep livin man. RP 21+ ğŸ”´ We will rise againğŸ”´,1016,386,https://pbs.twimg.com/profile_images/1594744910241857537/DTC6dh9S_normal.jpg,2021-08-12 13:14:45+00:00
226,AtTheHague,Katie Phipps Hague,Unschool mom of 7 Marketing Director @Mises Writer @TuttleTwins Email: katie@mises.org for media/podcasts/events/speaking/to say hi,3531,1657,https://pbs.twimg.com/profile_images/1558131939617423360/TrYdQPi__normal.jpg,2020-03-04 17:31:13+00:00
227,ThatKirbo,Kirbo,"ğŸ’½â•‘CEO of the 18 Trillion Dollar ThatKirbo Company inc. â•‘ Melty Player for @ChessiumG â•‘ Owner of @Kirbocord, the worst Discord server ever",166,164,https://pbs.twimg.com/profile_images/1594230792984866822/wHQDLCBd_normal.jpg,2019-01-10 05:40:15+00:00
228,_CherryBombRat_,â›§Cherry,ğŸœâ›§ â— 21 â— They/Them â— Rat Enthusiast !! â— â˜†Icon by @heartbomb_art !!,29,116,https://pbs.twimg.com/profile_images/1544828957962510342/hr14wuri_normal.jpg,2021-06-03 03:44:31+00:00
229,monando_boyz,MONANDO BOYZ,"Dumb Fighting game and JRPG boi
I be using Youtube sometimes. 
Expect some Cursed Content. WITH THE BOYZ

Thanks to https://t.co/WofNlaYzei for the Banner",85,590,https://pbs.twimg.com/profile_images/1281332425675747330/oyitcIzd_normal.jpg,2015-10-13 15:20:59+00:00
230,besobendito,(dedederanged),"yessenia, 1998 he/him ğŸ‡²ğŸ‡½, king dedede's silly rabbit, i like crunching down characters into shapes",2961,609,https://pbs.twimg.com/profile_images/1584304777839665158/KaREudhp_normal.jpg,2015-01-27 01:22:22+00:00
231,alanjbetts6,Alan Betts,Self-employed tax accountant.Long time thoughbred owner/breeder.Member Essendon Football Club and Moonee Ponds Bowls Club,3067,4651,https://pbs.twimg.com/profile_images/1393730141910491138/xGHQixz1_normal.jpg,2011-09-20 04:21:55+00:00
232,YoursForever124,LullabyJin,,8,71,https://pbs.twimg.com/profile_images/1583268808088748034/YncxPmyD_normal.jpg,2021-07-02 03:21:24+00:00
233,SusanaOwusu6,Susana Owusu,Kodie SusanağŸ’•â¤ï¸,22,13,https://abs.twimg.com/sticky/default_profile_images/default_profile_normal.png,2022-07-04 11:01:38+00:00
234,SaroyanMiriam,çº¿ä¸‹ ä¸Š é—¨ æ˜†æ˜æ²ˆé˜³æµå—æ— é”¡å¦é—¨ç¦å·æ¸©å·é‡‘åå“ˆå°”æ»¨å¤§è¿è´µé˜³å—å®æ³‰å·çŸ³å®¶åº„é•¿æ˜¥å—æ˜Œæƒ å·å¸¸å·,"For the warriors, the poor sickness embarrassing blame libel cynicism, all oppression is motivation.",0,0,https://pbs.twimg.com/profile_images/1525077883596701696/l5SJqrrn_normal.jpg,2022-05-13 11:37:37+00:00
235,elizaohhh,ElizaohhğŸ’«ğŸŒ™,,9,155,https://pbs.twimg.com/profile_images/1374605670285148161/_vLdZxEW_normal.jpg,2018-08-19 07:05:26+00:00
236,AuroraBryan17,åŒåŸäº¤å‹çº¦å•ªå®‰é˜³æ³°å®‰è†å·è¿åŸå®‰åº†æ½®å·æ¸…è¿œå¼€å°è‹å·æ ªæ´²è®¸æ˜Œå®å¾·å…­å®‰å®œæ˜¥èŠåŸæµ·å£æ±•å¤´ä¸‰äºšæ‰¬å·,A double bed with you to a blow out of the war is my biggest dream at present,0,0,https://pbs.twimg.com/profile_images/1524909578659430401/GwhCAmsy_normal.jpg,2022-05-13 00:28:58+00:00
237,bikedonamjoon,bike & indigo,namjoon yoongi jungkook bike amor eterno,272,375,https://pbs.twimg.com/profile_images/1594694527062777858/Fy5SapFu_normal.jpg,2018-05-21 01:14:15+00:00
238,sunnysetssail,Sunny-san,"Trying my best to have a good time. |23| respectfully, minors DNI ğŸ’• Currently reading MHA and Chainsaw Man!",61,124,https://pbs.twimg.com/profile_images/1577249259199537153/6G4tlFmH_normal.jpg,2020-09-13 19:45:11+00:00
239,chinyere_miriam,Chinyere Miriam,,33,37,https://pbs.twimg.com/profile_images/1590039889101426688/HTP8336g_normal.jpg,2022-02-09 10:18:37+00:00
240,voidpuppie,voidpuppy Î¸Î”,maxie // fucked up girlthing // 20s // Î¸Î” // it/its/any/all //,44,167,https://pbs.twimg.com/profile_images/1591870565249257472/6wZVhNie_normal.jpg,2017-02-19 22:59:58+00:00
241,cedron_sanche,\-Kathion-/,"Estudiante del fracaso, escritor con mala caligrafÃ­a y el hijo anormal de @god_humans.

No tengo dinero, pero pronto verÃ¡s mis libros.",30,188,https://pbs.twimg.com/profile_images/1291681452275507200/nvX6FmuT_normal.jpg,2015-06-22 17:06:41+00:00
242,smubiess,ğŸ„craftstoreğŸ„COMMISSONS OPEN!,he/him ||17|| proshippers go away || multifandom (but mostly FNAF)|| ğŸ‡¹ğŸ‡­ wasian,4804,109,https://pbs.twimg.com/profile_images/1587488335672377344/TCMbgMUd_normal.jpg,2020-10-20 03:34:32+00:00
243,jangyyen,yyena,"MDNIğŸ”ğŸš·, AU reader",5,306,https://pbs.twimg.com/profile_images/1556837512299290624/LK9HPnxq_normal.jpg,2022-03-30 22:10:34+00:00
244,lubiejesckarme,antek SZUKAM MOOTS ERA,â˜†``Â¡ any pronouns,2246,2789,https://pbs.twimg.com/profile_images/1590321796246544385/p5cqGN3s_normal.jpg,2020-07-28 15:33:08+00:00
245,taylorjane___,ğŸŒ±ğŸ‚ğŸ“ğŸ„ğŸŒğŸŒ»,chai tea and avocado smoothie slut â€¢ cancer â€¢ garrett womwom is the cutest â™¡,1546,680,https://pbs.twimg.com/profile_images/1350195526940172290/M9JWYqrY_normal.jpg,2015-08-14 23:42:18+00:00
246,edwi18,a luchar,,221,1179,https://pbs.twimg.com/profile_images/1177900081086976000/4wVzqmLS_normal.jpg,2011-04-26 00:37:50+00:00
247,JamesAledk1,è´µé˜³-å—é€š-å¤ªè¿œ-ä¿å®š-ç æµ·-ä¸­å±±-ä¸´æ²‚-æ½åŠ-çƒŸå°-ç»å…´-æ˜†æ˜-æ²ˆé˜³-æµå—-æ— é”¡-å¦é—¨,"No matter what, never give up, experienced wind and rain can be strong, don't strong no one will pity you.",0,0,https://pbs.twimg.com/profile_images/1508636360327933952/cyOxy5jp_normal.jpg,2022-03-29 02:45:01+00:00
248,PinkK067sTairs,PinKk â—¬,â—‹ Iâ€™m on an endless search to see every single content of Pucci that there will be in a lifetime. Iâ€™m never going to heaven (I do art of Pucci).,234,199,https://pbs.twimg.com/profile_images/1594889557945815041/xc5ApuuC_normal.jpg,2019-11-15 18:14:43+00:00
249,SonicHeroXD,SonicHeroXD | COMMS CLOSED!,"Just an average artist and a huge fan of FE, Persona and anime. I love art and Iâ€™ve been drawing all my life.",5613,1248,https://pbs.twimg.com/profile_images/1519821784505368576/b5-26TtZ_normal.jpg,2015-07-19 01:37:25+00:00
250,BunnySinoa,ğŸ’›ğŸ’œ Bunny Sinoaâ· ğŸ’œğŸ’›,"The dark side of the moon ğŸŒ‘ğŸŒ™                             
 BTS Army 4 ever ğŸ’œ  ~ Ot7 ~ ğŸ¥ğŸ° / â˜€ï¸ğŸŒ™ lover ~ 13 ğŸŒ™ ~ {she/her}",283,596,https://pbs.twimg.com/profile_images/1589692214506147840/vhlG2Lqd_normal.jpg,2010-09-11 12:38:03+00:00
251,UlaSpencer9,åŒåŸäº¤å‹çº¦å•ªå°å·æµ·å£ä¹Œé²æœ¨é½æ´›é˜³å»ŠåŠæ±•å¤´æ¹–å·å’¸é˜³ç›åŸæµå®å‘¼å’Œæµ©ç‰¹æ‰¬å·èµ£å·é˜œé˜³å”å±±é•‡æ±Ÿé‚¯éƒ¸,"You are my, the whole world.",1,0,https://pbs.twimg.com/profile_images/1524907829332791318/4RD8oldb_normal.jpg,2022-05-13 00:21:50+00:00
252,RedKalaharian,Otsile,@ChelseaFC fan,4530,4990,https://pbs.twimg.com/profile_images/1593646592883580929/tlQLz7pY_normal.jpg,2009-12-01 13:48:06+00:00
253,CCRRadio1,CCR Radio,"CCR Radio ( Croydon Central Radio ) is a radio station that plays Reggae, Dancehall, Soca, Afro Beats, Hip Hop and more. We broadcast 22 channels on our APP.",346,884,https://pbs.twimg.com/profile_images/1458913105581326344/kF-y82Au_normal.png,2021-05-27 12:24:43+00:00
254,oxytail,Oxytail | She / He / It,"Hello, I'm Oxytail! I'm an artist with poor health.
21, latine, LGBTQ+, ND. She / He / It.
RT heavy (sometimes RT nude boobas)",67,2314,https://pbs.twimg.com/profile_images/1479135786679377920/Pi2uiSwH_normal.jpg,2021-07-20 23:29:52+00:00
255,Aziamuth,AlÃ¡n,"CreÃ© una guÃ­a en espaÃ±ol de Yakuza 5 Remastered
--
Dragon Quest, Like a Dragon and Fighting games
--
I love my cat and my best friend @mery_collins :)",224,332,https://pbs.twimg.com/profile_images/1587363556990877696/QIhYEtz1_normal.jpg,2018-02-17 23:39:26+00:00
256,HShack5,FatherRussell,Former Pro gamer in CoD4 to BF3.  Was on the best team in the world at the time in TWL.,2,108,https://pbs.twimg.com/profile_images/1594236209911447552/M5p6LPOY_normal.jpg,2022-11-11 02:14:08+00:00
257,tinotendasteph,Tinotenda S Makombe,Devoted to Sharing the Gospel saturated Truth that leads to Us Glorifying God in every area of life #SoliDeoGloria,2457,1800,https://pbs.twimg.com/profile_images/1594075852748136448/1lQzVOrF_normal.jpg,2020-07-12 08:57:07+00:00
258,ManiaMoo,Moon/Mio - Commissions Open!,"ğŸ’€Moon/MiomuğŸ’€, 27, She/Her, ë‚´ìš©ì€ í•œêµ­ì–´, ì¼ë³¸ì–´, ì˜ì–´ì…ë‹ˆë‹¤. 
ğŸ”ğŸ”ğŸ” ì„¸ ì´ìƒì…ë‹ˆë‹¤. ğŸ’œğŸ’€ FFXIV - Crystal",442,1131,https://pbs.twimg.com/profile_images/1559415882987749376/aM59BFKe_normal.jpg,2013-10-15 03:27:34+00:00
259,naija0329,ğŸš€134340 miles from sanityâ·ğŸ’«ğŸ§‘ğŸ¾â€ğŸš€,"23 .

She/Herâ™€ï¸ .

Nigerian .

BTS enthusiast .

Fic account - @Activemind15 .

1/2 of @Studio_090713 .

YT twt page - @Tr_pleAThoughts .

Call me Adaeze",34748,2925,https://pbs.twimg.com/profile_images/1510135785965686787/lDRss0Sk_normal.jpg,2015-10-11 21:34:26+00:00
260,Jamcat1234,Jamcat123,,160,662,https://abs.twimg.com/sticky/default_profile_images/default_profile_normal.png,2018-01-09 08:33:23+00:00
261,43eJMJCF4bR25z9,å¼€äº‘ä½“è‚² ç°é‡‘ç½‘å€ äºšåšä½“è‚² çš‡å†  æ¬§å® ç™¾å®¶ä¹ PC28 AGçœŸäººä¹é±¼ æ£‹ç‰Œ,,42,185,https://pbs.twimg.com/profile_images/1594966874760044544/6kzOJCl9_normal.jpg,2015-12-17 21:45:28+00:00
